Original_Packet,Reconstructed_Packet,Label_True,Label_Pred,Loss_Score,Is_Correct
fvbfudcunhmamispitbsmsosszlpnndbbsrz,fvbfudcunhmamispitbsmsosszlpnndbbsrzffffffffffffffffffffffffff,0,0,14.267022,True
lqgdenemvqoliavhbaqlshcbzpqunuaqlgbq,lqgdenemvqoliavhbaqlshcbzpqunuaqlgbqllllllllllllllllllllllllll,0,0,15.7987385,True
uzcrqgtmbflttedzecsunlagtirhaqpratugeqrfli,uzcrqgtmbflttedzecsunlagtirhaqpratugeqrfliuuuuuuuuuuuuuuuuuuuu,0,0,15.830629,True
lbhnptmqqshvmamrrcnemmqtd,lbhnptmqqshvmamrrcnemmqtdlllllllllllllllllllllllllllllllllllll,0,0,14.351694,True
plpfnednmgedvahuunfmmstescdmhacacgf,plpfnednmgedvahuunfmmstescdmhacacgfppppppppppppppppppppppppppp,0,0,14.789353,True
csihlqpusnogmsiqlbcnncptggllfrrstlivbqnnqd,csihlqpusnogmsiqlbcnncptggllfrrstlivbqnnqdcccccccccccccccccccc,0,0,14.026705,True
sgvrdtisimnhpniumsadtzamubrhfeqdpcbgbbbochdfbrduo,sgvrdtisimnhpniumsadtzamubrhfeqdpcbgbbbochdfbrduosssssssssssss,0,0,14.832674,True
bg!gf-gbaolifi@cthcdvlddv,bgqgf-gbaolifi@cthcdvlddvbbbbbbbbbbbbbbbbbbbbbbbbbbbbbbbbbbbbb,1,0,14.974419,False
apftbeufgaszcvqqbpuisiqfalca,apftbeufgaszcvqqbpuisiqfalcaaaaaaaaaaaaaaaaaaaaaaaaaaaaaaaaaaa,0,0,15.267213,True
auslbhnhlpoivvucobzfaoibaqzantagseavarnohagvvslcieuedaqmprgq,auslbhnhlpoivvucobzfaoibaqzantagseavarnohagvvslcieuedaqmprgqaa,0,0,15.339183,True
pepgaizlpnsqegqahaqsm,pepgaizlpnsqegqahaqsmppppppppppppppppppppppppppppppppppppppppp,0,0,16.36317,True
ugzcfvgocmnofizeibinvivvvpzmugualovqbibvar,ugzcfvgocmnofizeibinvivvvpzmugualovqbibvaruuuuuuuuuuuuuuuuuuuu,0,0,15.138582,True
iizlnipibzghuqhtrlqunbsffblgdfegmipoecmzgvlagtqfflelg,iizlnipibzghuqhtrlqunbsffblgdfegmipoecmzgvlagtqfflelgiiiiiiiii,0,0,15.122853,True
qdafhqtpdvhpmrqhmbispiiu,qdafhqtpdvhpmrqhmbispiiuqqqqqqqqqqqqqqqqqqqqqqqqqqqqqqqqqqqqqq,0,0,15.474258,True
zpnfqsmanpboluvassgfcc,zpnfqsmanpboluvassgfcczzzzzzzzzzzzzzzzzzzzzzzzzzzzzzzzzzzzzzzz,0,0,14.780835,True
oomtlfdrmaglpzcguoqpdmsndae,oomtlfdrmaglpzcguoqpdmsndaeooooooooooooooooooooooooooooooooooo,0,0,15.221248,True
tuhfzrrqvtvfpziinuuzqbveaoocheiienolg,tuhfzrrqvtvfpziinuuzqbveaoocheiienolgttttttttttttttttttttttttt,0,0,13.810438,True
gmtcrelfpdsfeositezrdrus,gmtcrelfpdsfeositezrdrusgggggggggggggggggggggggggggggggggggggg,0,1,16.635674,False
etipzlnccgtfzadnegtnoar,etipzlnccgtfzadnegtnoareeeeeeeeeeeeeeeeeeeeeeeeeeeeeeeeeeeeeee,0,0,15.45221,True
qcbfpqdgbgtpeozpfvfoprghesecel,qcbfpqdgbgtpeozpfvfoprghesecelqqqqqqqqqqqqqqqqqqqqqqqqqqqqqqqq,0,0,16.135311,True
nmtedfsndvvlrocbattdttrcu,nmtedfsndvvlrocbattdttrcunnnnnnnnnnnnnnnnnnnnnnnnnnnnnnnnnnnnn,0,0,13.592368,True
vtuabuiqevqbogqeecpzradnpvpbatlufodltohcsz,vtuabuiqevqbogqeecpzradnpvpbatlufodltohcszvvvvvvvvvvvvvvvvvvvv,0,0,15.595218,True
vgnqueemlodzuvhgpuzercucahlzvemcaga,vgnqueemlodzuvhgpuzercucahlzvemcagavvvvvvvvvvvvvvvvvvvvvvvvvvv,0,0,16.049623,True
egdvpdfeusucusqbqscpcgcdcne,egdvpdfeusucusqbqscpcgcdcneeeeeeeeeeeeeeeeeeeeeeeeeeeeeeeeeeee,0,0,15.240804,True
mzssvfgzbivqqfbasbetbpghbfvoztrisb,mzssvfgzbivqqfbasbetbpghbfvoztrisbmmmmmmmmmmmmmmmmmmmmmmmmmmmm,0,0,15.337891,True
vaqhcngqgtsmfpdcnaiqsaubrnquuemqcuahtftbapcefnvi,vaqhcngqgtsmfpdcnaiqsaubrnquuemqcuahtftbapcefnvivvvvvvvvvvvvvv,0,0,15.727524,True
phgmeefllrzacnmvplzqqtnidquczouafhsglohnocnfigqiellodbff,phgmeefllrzacnmvplzqqtnidquczouafhsglohnocnfigqiellodbffpppppp,0,0,15.108237,True
vtsaolscshoegconebbvv,vtsaolscshoegconebbvvvvvvvvvvvvvvvvvvvvvvvvvvvvvvvvvvvvvvvvvvv,0,0,13.882035,True
ofiaqbfhriiezihrtupzhqneaszfzatiiivmhmqreiarggnffld,ofiaqbfhriiezihrtupzhqneaszfzatiiivmhmqreiarggnffldooooooooooo,0,0,14.26384,True
naepazapvudptspdsciarsfptgrigafffqi,naepazapvudptspdsciarsfptgrigafffqinnnnnnnnnnnnnnnnnnnnnnnnnnn,0,0,15.2087,True
gadfrrddmpmnfnhfzsusvfgmcqnncfulmvmpdhusrn,gadfrrddmpmnfnhfzsusvfgmcqnncfulmvmpdhusrngggggggggggggggggggg,0,0,14.532704,True
giatdqnagtevlbavfbqdrmamzqpulhugcucdethiscabazitennm,giatdqnagtevlbavfbqdrmamzqpulhugcucdethiscabazitennmgggggggggg,0,0,15.987472,True
lmdcuvbzeaafrzrqcvfeicfdcntdezqvrztbsppvupugae,lmdcuvbzeaafrzrqcvfeicfdcntdezqvrztbsppvupugaeellllllllllllllll,0,0,14.771058,True
dpzgurrdccgehbccgagsbvuqoariv,dpzgurrdccgehbccgagsbvuqoarivddddddddddddddddddddddddddddddddd,0,0,14.028524,True
druzuhgvdgnggmmsnrchhldetgzmnthedcmdoqurnqemaztbtmfdtgielept,druzuhgvdgnggmmsnrchhldetgzmnthedcmdoqurnqemaztbtmfdtgieleptdd,0,0,15.375521,True
cflmppdvntdaebbteougnovgbqefzuntziql,cflmppdvntdaebbteougnovgbqefzuntziqlcccccccccccccccccccccccccc,0,0,15.398961,True
ushoodievnipqefqobpedrigchsimdzfgcvlvmuisazfdlsghprieum,ushoodievnipqefqobpedrigchsimdzfgcvlvmuisazfdlsghprieumuuuuuuu,0,0,15.804972,True
dsvmqeudaratrlgcfbgtvzleooteouhqhvcpfgfddaezrvceecnfdflr,dsvmqeudaratrlgcfbgtvzleooteouhqhvcpfgfddaezrvceecnfdflrdddddd,0,0,15.119947,True
oqoqoqsnbziqtsusgoqflqhsrouobev,oqoqoqsnbziqtsusgoqflqhsrouobevooooooooooooooooooooooooooooooo,0,0,15.788611,True
babmzhozrbcdocadrzcnthosmsvvuvmgonliuhtndrobbntvhvocn,babmzhozrbcdocadrzcnthosmsvvuvmgonliuhtndrobbntvhvocnbbbbbbbbb,0,0,14.665954,True
mnagcbsbzegebcftmlamebbolnadbdtccvzzpmuh,mnagcbsbzegebcftmlamebbolnadbdtccvzzpmuhmmmmmmmmmmmmmmmmmmmmmm,0,0,14.609896,True
yrsprlncqmsuzebivzjqwdeoppfpfelbl,yrsprlncqmsuzebivzjqwdeoppfpfelblyyyyyyyyyyyyyyyyyyyyyyyyyyyyy,1,0,15.031228,False
frdgtbqbqadedpquhlzrbgaqlzudouefitpszmgmvr,frdgtbqbqadedpquhlzrbgaqlzudouefitpszmgmvrffffffffffffffffffff,0,0,15.935948,True
dziiaqqdsvohqippuuulqgvrgplpzorffmgcpamhvl,dziiaqqdsvohqippuuulqgvrgplpzorffmgcpamhvldddddddddddddddddddd,0,0,14.190526,True
aicsgdrsivsqnnorfudbzcgainvhgenmafrsmdui,aicsgdrsivsqnnorfudbzcgainvhgenmafrsmduiaaaaaaaaaaaaaaaaaaaaaa,0,0,15.282598,True
bdmvssliizhfqbfuugcesuzmfco,bdmvssliizhfqbfuugcesuzmfcobbbbbbbbbbbbbbbbbbbbbbbbbbbbbbbbbbb,0,0,14.249882,True
igtqargcqpozsrofrdbfnmaelf,igtqargcqpozsrofrdbfnmaelfiiiiiiiiiiiiiiiiiiiiiiiiiiiiiiiiiiii,0,0,15.689993,True
pidrpvueuhpzgumbtlbvsrbczdil,pidrpvueuhpzgumbtlbvsrbczdilpppppppppppppppppppppppppppppppppp,0,0,15.73689,True
nugalsmprpilhsdbzbrpzqgmpigteqnsgeznoz,nugalsmprpilhsdbzbrpzqgmpigteqnsgeznoznnnnnnnnnnnnnnnnnnnnnnnn,0,0,15.782672,True
aotmcidspbrpesvmtcnivumnvnilicnuqreof,aotmcidspbrpesvmtcnivumnvnilicnuqreofaaaaaaaaaaaaaaaaaaaaaaaaa,0,0,15.748172,True
nulfvpvdbhurdhndptrbmmirhghactgamfrnvnzusdmrtfzchbe,nulfvpvdbhurdhndptrbmmirhghactgamfrnvnzusdmrtfzchbennnnnnnnnnn,0,0,15.542756,True
ctamvnsvsgzlahshpebhchcmidezetpidugpqlcgzp,ctamvnsvsgzlahshpebhchcmidezetpidugpqlcgzpcccccccccccccccccccc,0,0,16.3717,True
vzmgcdmanavqpsraaaoobnceufozchdqacshqodahsigfltm,vzmgcdmanavqpsraaaoobnceufozchdqacshqodahsigfltmvvvvvvvvvvvvvv,0,0,15.431693,True
salzuipfoqmthzleotiedvppbbdmesmztqemrqnlnrd,salzuipfoqmthzleotiedvppbbdmesmztqemrqnlnrdsssssssssssssssssss,0,0,15.270258,True
fhdnrievzifvfripfauigihoslpieffriivtnetugrdiizipsniif,fhdnrievzifvfripfauigihoslpieffriivtnetugrdiizipsniiffffffffff,0,0,14.939562,True
ssplttusvubhupuqvgiqa,ssplttusvubhupuqvgiqasssssssssssssssssssssssssssssssssssssssss,0,0,14.552612,True
fzipqtvqqgdvgluordivzqlizgeiupomudv,fzipqtvqqgdvgluordivzqlizgeiupomudvfffffffffffffffffffffffffff,0,0,16.021095,True
stqoqzdfflsuozvnzdtileptqtpopheguhqnuoeacrvurht,stqoqzdfflsuozvnzdtileptqtpopheguhqnuoeacrvurhtsssssssssssssss,0,0,15.455491,True
degplozveizimfazgmunllumlbrzqcalfsgsls,degplozveizimfazgmunllumlbrzqcalfsgslsdddddddddddddddddddddddd,0,0,15.862798,True
lesobsvdpsphcamhbhmpacrzehpizoaumrhnzcvdi,lesobsvdpsphcamhbhmpacrzehpizoaumrhnzcvdilllllllllllllllllllll,0,0,16.26122,True
zcodidrnvnbmizqadulthvepvhgnsamggezmorfl,zcodidrnvnbmizqadulthvepvhgnsamggezmorflzzzzzzzzzzzzzzzzzzzzzz,0,0,15.613205,True
mrdztilffphfcbrzuqomhmtfuppuifetivgmrurzur,mrdztilffphfcbrzuqomhmtfuppuifetivgmrurzurmmmmmmmmmmmmmmmmmmmm,0,0,15.604531,True
tfsegnpnozmvvtouzicvcovnsubtfhlrufomugpvrnhmnfhgeirnlliumr,tfsegnpnozmvvtouzicvcovnsubtfhlrufomugpvrnhmnfhgeirnlliumrtttt,0,0,15.414605,True
uaqoocamaaivaobongvotspcdtdanoqgmvfrfbtoqgeqpvsroibqn,uaqoocamaaivaobongvotspcdtdanoqgmvfrfbtoqgeqpvsroibqnquuuuuuuuu,0,0,15.588616,True
stdtzgfltnnsdvipvhazfeoegofraohnfaznb,stdtzgfltnnsdvipvhazfeoegofraohnfaznbsssssssssssssssssssssssss,0,0,15.503258,True
adohrbegvpqsilnefbliunmfdftrnzocsupsqeoahpvheuhfnedez,adohrbegvpqsilnefbliunmfdftrnzocsupsqeoahpvheuhfnedezaaaaaaaaa,0,0,16.184912,True
fseqpgptvdzira?uvubc,fseqpgptvdzira?uvubcffffffffffffffffffffffffffffffffffffffffff,1,0,16.136066,False
vhepggmbistiaedrhtidrloaphnltibftgentslhdzgnttrbg,vhepggmbistiaedrhtidrloaphnltibftgentslhdzgnttrbgvvvvvvvvvvvvv,0,0,15.504467,True
vovgblnlfhoqfabbeqblzierzhrmraltqqgtp,vovgblnlfhoqfabbeqblzierzhrmraltqqgtpvvvvvvvvvvvvvvvvvvvvvvvvv,0,0,14.901727,True
ln!?tgmppoqlagsuu-lmtbeimtsqkidflb?eohttzxeflutsl,ln!?tgmppoqlagsuu-lmtbeimtsqkidflbeohttzxeflutsllllllllllllll,1,0,15.393487,False
fedrdhopgpgrdczmqepsctmfmczrebplzevqsgcfnoqhs,fedrdhopgpgrdczmqepsctmfmczrebplzevqsgcfnoqhsfffffffffffffffff,0,0,15.461716,True
fbgcopgscctivlusgfzzscttcsogagfzfbhqpgnvfviqrz,fbgcopgscctivlusgfzzscttcsogagfzfbhqpgnvfviqrzffffffffffffffff,0,0,14.554582,True
iegr?ytwsjvv#-bahmmehfponliu#hosldmbwersomgfxsbdpehbofgbbv,iegrytwsjvv#-bahmmehfponliu#hosldmbwersomgfxsbdpehbofgbbviiii,1,0,15.147861,False
auoeiepuragpstnnqofudbpgzmlubpfndzbgfbzzpn,auoeiepuragpstnnqofudbpgzmlubpfndzbgfbzzpnaaaaaaaaaaaaaaaaaaaa,0,0,15.124507,True
mefgvqovdqbehbeorgdnrvdqatmiovmtmbstoblptsdfprtddvnhiom,mefgvqovdqbehbeorgdnrvdqatmiovmtmbstoblptsdfprtddvnhiommmmmmmm,0,0,15.750903,True
ofbfmsemoinsilicfiicnlt,ofbfmsemoinsilicfiicnltooooooooooooooooooooooooooooooooooooooo,0,0,15.659413,True
eigscbcazavrefmgqhmuhqupiavm,eigscbcazavrefmgqhmuhqupiavmqeeeeeeeeeeeeeeeeeeeeeeeeeeeeeeeeee,0,0,15.777043,True
ovisledgunvbcfrsfzlpdbinhohb,ovisledgunvbcfrsfzlpdbinhohboooooooooooooooooooooooooooooooooo,0,0,15.756473,True
ecdsmqrttisvumbrtbodcngipvhbcllcncqrtcvovg,ecdsmqrttisvumbrtbodcngipvhbcllcncqrtcvovgeeeeeeeeeeeeeeeeeeee,0,0,15.494882,True
uaceazqilcmzzsmqrddflaaf,uaceazqilcmzzsmqrddflaafuuuuuuuuuuuuuuuuuuuuuuuuuuuuuuuuuuuuuu,0,0,13.988313,True
udmmturotvuegtdiuqvrqphqibpcoffazqqtq,udmmturotvuegtdiuqvrqphqibpcoffazqqtquuuuuuuuuuuuuuuuuuuuuuuuu,0,0,14.527674,True
nnemtpenftciubdrzbsizlptffnhmtpfuhaaboopohtfabzmocmscbc,nnemtpenftciubdrzbsizlptffnhmtpfuhaaboopohtfabzmocmscbcnnnnnnn,0,0,14.726614,True
aprnenoilfuf?eimmhohvqafpwpc?gfw,aprnenoilfufeimmhohvqafpwpc?gfwaaaaaaaaaaaaaaaaaaaaaaaaaaaaaa,1,0,15.515844,False
zbervcsnalnvzvcleqrsuctulivoddlhoaqcclcmcg,zbervcsnalnvzvcleqrsuctulivoddlhoaqcclcmcgzzzzzzzzzzzzzzzzzzzz,0,0,15.331951,True
gdpfunihqnmdoqdqabihgebueglvpdavfpevdviivlidt,gdpfunihqnmdoqdqabihgebueglvpdavfpevdviivlidtggggggggggggggggg,0,0,15.927059,True
cispubfzhpsgptdicdqscvqbhsdnorezfscfddmptcvbqfmliue,cispubfzhpsgptdicdqscvqbhsdnorezfscfddmptcvbqfmliueccccccccccc,0,0,15.667605,True
zngrsacqgalomeebmuzg,zngrsacqgalomeebmuzgzzzzzzzzzzzzzzzzzzzzzzzzzzzzzzzzzzzzzzzzzz,0,0,15.439395,True
caaochlfndoezgnbhozvzt,caaochlfndoezgnbhozvztcccccccccccccccccccccccccccccccccccccccc,0,0,15.376001,True
npmnmqihqcdegnznqvlrso,npmnmqihqcdegnznqvlrsonnnnnnnnnnnnnnnnnnnnnnnnnnnnnnnnnnnnnnnn,0,0,15.516572,True
ltnwudfyhcdg#hbfmcvfoftqibyglgtrbsw!nvode!htlftezvbn,ltnwudfyhcdg#hbfmcvfoftqibyglgtrbswnvode!htlftezvbnvllllllllll,1,0,16.401455,False
qhpnfqeptazehomtfqulfffmevcrousedgnulvcacezamphgaqdunftsq,qhpnfqeptazehomtfqulfffmevcrousedgnulvcacezamphgaqdunftsqqqqqq,0,0,15.874411,True
jrctcrgmfthn!eoozgzpqfcemgamistplevbfbzpghiprb!vg,jrctcrgmfthneoozgzpqfcemgamistplevbfbzpghiprbvgjjjjjjjjjjjjj,1,0,15.361704,False
vdfvprsfqgvmrcbvvidq,vdfvprsfqgvmrcbvvidqvvvvvvvvvvvvvvvvvvvvvvvvvvvvvvvvvvvvvvvvvv,0,0,15.52018,True
ltdffrafnvrzqtsfvnbo,ltdffrafnvrzqtsfvnbollllllllllllllllllllllllllllllllllllllllll,0,0,14.613643,True
gslalfmfhedimbcnlmcrgs,gslalfmfhedimbcnlmcrgsgggggggggggggggggggggggggggggggggggggggg,0,0,15.864929,True
omuvfvipbodlsugphfmmmuio,omuvfvipbodlsugphfmmmuiooooooooooooooooooooooooooooooooooooooo,0,0,15.108837,True
megtcfighlhozuprammqpgmter,megtcfighlhozuprammqpgmtermmmmmmmmmmmmmmmmmmmmmmmmmmmmmmmmmmmm,0,0,15.732042,True
uagzcbeavitbinqburuqbtavchdzfevgibcvsq,uagzcbeavitbinqburuqbtavchdzfevgibcvsquuuuuuuuuuuuuuuuuuuuuuuu,0,0,15.763961,True
amfuvagctfbtrbeheiqbtrdguhcqzgbcloauqhfocgc,amfuvagctfbtrbeheiqbtrdguhcqzgbcloauqhfocgcaaaaaaaaaaaaaaaaaaa,0,0,15.752731,True
nnadvbqmroobdpvrcfzttrfelprqu,nnadvbqmroobdpvrcfzttrfelprqunnnnnnnnnnnnnnnnnnnnnnnnnnnnnnnnn,0,0,14.712949,True
igbueqegvoudttdhpsbdcpmtfrhzoiolhbcrunohqo,igbueqegvoudttdhpsbdcpmtfrhzoiolhbcrunohqoiiiiiiiiiiiiiiiiiiii,0,0,15.486017,True
vueubphcucitaeaecqlvpnsmzutvfgfmaburtvmatsi,vueubphcucitaeaecqlvpnsmzutvfgfmaburtvmatsivvvvvvvvvvvvvvvvvvv,0,0,15.602127,True
toodlrumsmcmhsgovdqluqtdotosr,toodlrumsmcmhsgovdqluqtdotosrttttttttttttttttttttttttttttttttt,0,0,15.0983715,True
ppvhsztncuirbdpebqcous,ppvhsztncuirbdpebqcouspppppppppppppppppppppppppppppppppppppppp,0,0,14.428661,True
ifzlrugsoddgnbbecfdofiablpzziaqnovhcbnqt,ifzlrugsoddgnbbecfdofiablpzziaqnovhcbnqtiiiiiiiiiiiiiiiiiiiiii,0,0,14.8688,True
tmtbnlbnrongcsqgdsteblfebldavhaedupqltvshghzqi,tmtbnlbnrongcsqgdsteblfebldavhaedupqltvshghzqitttttttttttttttt,0,0,16.24444,True
ozgvfrmomtgbovmsaj@auju,ozgvfrmomtgbovmsaj@aujuooooooooooooooooooooooooooooooooooooooo,1,0,16.440485,False
hmvprtgvecnzltrsprufzvabfnbpvhoehzpdiiqfenvqglqc,hmvprtgvecnzltrsprufzvabfnbpvhoehzpdiiqfenvqglqchhhhhhhhhhhhhh,0,0,15.505615,True
allfzizvcftzauotvitfpoesrfrqnvmfsniqrbrqrbafvzrguqc,allfzizvcftzauotvitfpoesrfrqnvmfsniqrbrqrbafvzrguqcaaaaaaaaaaa,0,0,15.783175,True
uunttutbmmuumhtfhuobpiugnihdglffrbicuauainbodeda,uunttutbmmuumhtfhuobpiugnihdglffrbicuauainbodedauuuuuuuuuuuuuu,0,0,14.043378,True
zeqbuimlgmfmpnmahouuenpsofigpdcr,zeqbuimlgmfmpnmahouuenpsofigpdcrzzzzzzzzzzzzzzzzzzzzzzzzzzzzzz,0,0,14.949673,True
tbzhtubrfsrqtzupocceuplplsioiavdoatonesstduuvosacqooumrse,tbzhtubrfsrqtzupocceuplplsioiavdoatonesstduuvosacqooumrsettttt,0,0,14.98536,True
smgavohduevcnmpl-o-dt,smgavohduevcnmpl-o-dtsssssssssssssssssssssssssssssssssssssssss,1,0,16.099508,False
zhznredmrreolizgldtzfailrmvzoidnzmzzfizzfgadppez,zhznredmrreolizgldtzfailrmvzoidnzmzzfizzfgadppezzzzzzzzzzzzzzz,0,0,14.604693,True
oqzqhgglzvdnhmshdrnszgqqbneodddsldgnmupaglrmdfeephvflr,oqzqhgglzvdnhmshdrnszgqqbneodddsldgnmupaglrmdfeephvflroooooooo,0,0,14.376865,True
dopmipsczqmzrnglvbrtupibmzdl,dopmipsczqmzrnglvbrtupibmzdldddddddddddddddddddddddddddddddddd,0,0,15.78949,True
gbhfqlntbhuseaugvilinerfbqcfzddaedpaihzhncza,gbhfqlntbhuseaugvilinerfbqcfzddaedpaihzhnczagggggggggggggggggg,0,0,15.731362,True
corssgvbucbmrrchgrpomnbdffstqnbhp,corssgvbucbmrrchgrpomnbdffstqnbhpccccccccccccccccccccccccccccc,0,0,14.047759,True
vblpotesfogzbvdithuopncqogfqetuocbncgagdboreioapcuml,vblpotesfogzbvdithuopncqogfqetuocbncgagdboreioapcumlvvvvvvvvvv,0,0,16.279367,True
pqgnozrbtugidhudhshhfmphahfdqolgfqirogmaioqrpivpprzmaf,pqgnozrbtugidhudhshhfmphahfdqolgfqirogmaioqrpivpprzmafpppppppp,0,0,15.610255,True
dimihlzuocanaopzbqnnmtbautlfrntgftccvlleemphlsatddq,dimihlzuocanaopzbqnnmtbautlfrntgftccvlleemphlsatddqddddddddddd,0,0,14.0688505,True
sqbaucpvtfhnic!uvrfbxsgddenmjlgliabqronpme,sqbaucpvtfhnicquvrfbxsgddenmjlgliabqronpmessssssssssssssssssss,1,0,15.741243,False
vedphczftvizvechlcfodhqqibsmopsstgem,vedphczftvizvechlcfodhqqibsmopsstgemvvvvvvvvvvvvvvvvvvvvvvvvvv,0,0,15.243574,True
otlcfouftmsirpdthohpzqibbmtdomzdqonfvfqrru,otlcfouftmsirpdthohpzqibbmtdomzdqonfvfqrruoooooooooooooooooooo,0,0,15.565122,True
vmsoimvrpmpiasnfuzaumnspfudnlpsrmzict,vmsoimvrpmpiasnfuzaumnspfudnlpsrmzictvvvvvvvvvvvvvvvvvvvvvvvvv,0,0,15.874286,True
drevufadglachctdeonifhq,drevufadglachctdeonifhqddddddddddddddddddddddddddddddddddddddd,0,0,15.652772,True
t?toscddfzmmgaasgelgs-tflvbvinboeqahpoq?poiuza?zpdn@vtridlvz,t?toscddfzmmgaasgelgs-tflvbvinboeqahpoqpoiuza?zpdn@vtridlvztt,1,0,15.328229,False
hliofvlfebopzumhspzbnlocuuupqlflipptu,hliofvlfebopzumhspzbnlocuuupqlflipptuhhhhhhhhhhhhhhhhhhhhhhhhh,0,0,15.399948,True
mrivmrmzpsivfgzptznzgndtizuaoiqzuofiorviezpdgvegiendldnzz,mrivmrmzpsivfgzptznzgndtizuaoiqzuofiorviezpdgvegiendldnzzmmmmm,0,0,15.587325,True
ptfppomstucgiormmvdmufea,ptfppomstucgiormmvdmufeapppppppppppppppppppppppppppppppppppppp,0,0,13.844655,True
gbnhngnqgvambaadivtutionmfmnfzsbceemhtfmniemv,gbnhngnqgvambaadivtutionmfmnfzsbceemhtfmniemvggggggggggggggggg,0,0,14.833603,True
pgruhlloahqdsogaoqzpmgeoqurehptpsotahc,pgruhlloahqdsogaoqzpmgeoqurehptpsotahcpppppppppppppppppppppppp,0,0,15.533287,True
oumvaoflrrulvuqzirgsgtsvuadplbvguicqdirgdlmttotd,oumvaoflrrulvuqzirgsgtsvuadplbvguicqdirgdlmttotdoooooooooooooo,0,0,14.95631,True
dtditgmliusnobdavgrigeslqgprsrtoszzansouzq,dtditgmliusnobdavgrigeslqgprsrtoszzansouzqdddddddddddddddddddd,0,0,15.484517,True
uthasdcsssobgzaqelmfre,uthasdcsssobgzaqelmfreuuuuuuuuuuuuuuuuuuuuuuuuuuuuuuuuuuuuuuuu,0,0,14.403787,True
lgoscllmdhqdzlbczphrhcufercpashvmsgipzbhdhcsobr,lgoscllmdhqdzlbczphrhcufercpashvmsgipzbhdhcsobrlllllllllllllll,0,0,15.202515,True
pbzrtancqelaeepcfehp,pbzrtancqelaeepcfehppppppppppppppppppppppppppppppppppppppppppp,0,0,15.158813,True
tgrgizvpsmmqoebuefbuqmcugaagrhnogncuoplhzozdpqob,tgrgizvpsmmqoebuefbuqmcugaagrhnogncuoplhzozdpqobtttttttttttttt,0,0,15.267877,True
fitlsrtzvngtngdnuagvgumpippaumuqgdgrdddoloeelqdpm,fitlsrtzvngtngdnuagvgumpippaumuqgdgrdddoloeelqdpmfffffffffffff,0,0,15.056464,True
nphmuzhqhhubbnaeetgcvvhtlbngngdqendtnhhcrnmlbsqefzgfbg,nphmuzhqhhubbnaeetgcvvhtlbngngdqendtnhhcrnmlbsqefzgfbgnnnnnnnn,0,0,14.011024,True
gensvgudbttchmhbdlfdscpqlnuupduints,gensvgudbttchmhbdlfdscpqlnuupduintsggggggggggggggggggggggggggg,0,0,15.5509815,True
fnctolzcfhrgvvfzomcioncpizqmste,fnctolzcfhrgvvfzomcioncpizqmstefffffffffffffffffffffffffffffff,0,0,15.023201,True
nfcamuekcercyhktdzccdydovcvm?vs,nfcamuekcercyhktdzccdydovcvmvsnnnnnnnnnnnnnnnnnnnnnnnnnnnnnnn,1,0,14.928792,False
haahghngmnidetmisbiazrhbibrczz,haahghngmnidetmisbiazrhbibrczzhhhhhhhhhhhhhhhhhhhhhhhhhhhhhhhh,0,0,14.875561,True
vwqcemnhisoqlzmel@gdgq-arlnvdh-n,vwqcemnhisoqlzmel@gdgq-arlnvdh-nvvvvvvvvvvvvvvvvvvvvvvvvvvvvvv,1,0,16.040909,False
tumcqpedagebizhvzfznazarsqaednrllvrnblgtfbboeiatamaooompo,tumcqpedagebizhvzfznazarsqaednrllvrnblgtfbboeiatamaooompottttt,0,0,14.575541,True
czzflibshsiumqpagtmpslorrtebohdgcndcvdfonhzuga,czzflibshsiumqpagtmpslorrtebohdgcndcvdfonhzugacccccccccccccccc,0,0,15.070896,True
stfloovtfofeqrgmqfuccsciqpumid,stfloovtfofeqrgmqfuccsciqpumidssssssssssssssssssssssssssssssss,0,0,15.306482,True
lqttpqbpmtnqunavfgvuinnaqaoihsbnzscqfvrqshnhgooisvoherffbd,lqttpqbpmtnqunavfgvuinnaqaoihsbnzscqfvrqshnhgooisvoherffbdllll,0,0,14.577718,True
bncgsiqxcprztyh#dyrlvtvbfg@usugnu,bncgsiqxcprztyh#dyrlvtvbfgusugnubbbbbbbbbbbbbbbbbbbbbbbbbbbbb,1,0,16.146221,False
gmmqtffshtuivususnoqunosoopggtdaazocbqlqavgoegmohdetrlgchp,gmmqtffshtuivususnoqunosoopggtdaazocbqlqavgoegmohdetrlgchpgggg,0,0,15.060563,True
gmmioqviieohrgrdmooubtqpumuvfvdlezebnfhnecev,gmmioqviieohrgrdmooubtqpumuvfvdlezebnfhnecevgggggggggggggggggg,0,0,14.5599785,True
ncmmopamqzhvariziomnveszarlnvsnfasvidqpqvlvmibhgqas,ncmmopamqzhvariziomnveszarlnvsnfasvidqpqvlvmibhgqasnnnnnnnnnnn,0,0,15.266137,True
aheopaheousdhinqscdmmd,aheopaheousdhinqscdmmdaaaaaaaaaaaaaaaaaaaaaaaaaaaaaaaaaaaaaaaa,0,0,15.290341,True
sllsacceugehzdzucgqzeppfseptqauznduofibqhbrflsnqtmeeoto,sllsacceugehzdzucgqzeppfseptqauznduofibqhbrflsnqtmeeotosssssss,0,0,14.979121,True
ppidoprndqhdubrlhvf?uuzon?apsolmdnii,ppidoprndqhdubrlhvfuuzonapsolmdniipppppppppppppppppppppppppp,1,0,15.36484,False
sdgqdnonnalmzgeoemldzrlcaedcieuboptpoporalqahpzttgor,sdgqdnonnalmzgeoemldzrlcaedcieuboptpoporalqahpzttgorssssssssss,0,0,15.425237,True
dtgphrdibtntptanogcgb,dtgphrdibtntptanogcgbddddddddddddddddddddddddddddddddddddddddd,0,0,15.320388,True
ugrcrsiuamfdmpotzfsnplsshazzdruslbsmdofnruugtulneb,ugrcrsiuamfdmpotzfsnplsshazzdruslbsmdofnruugtulnebuuuuuuuuuuuu,0,0,14.930126,True
cbdsndoeiirtilucsfiopcbcnmlgsg,cbdsndoeiirtilucsfiopcbcnmlgsgcccccccccccccccccccccccccccccccc,0,0,14.780092,True
escdzfohguepirliqbetdlazfutms,escdzfohguepirliqbetdlazfutmseeeeeeeeeeeeeeeeeeeeeeeeeeeeeeeee,0,1,16.625746,False
eihbdnhadguznibggcsboz,eihbdnhadguznibggcsbozeeeeeeeeeeeeeeeeeeeeeeeeeeeeeeeeeeeeeeee,0,0,14.682409,True
cstqolrlrvdeoogelhbtrzcnsc,cstqolrlrvdeoogelhbtrzcnsccccccccccccccccccccccccccccccccccccc,0,0,14.540327,True
bbulautlprqqhbdpncfhqrfscedoufri,bbulautlprqqhbdpncfhqrfscedoufribbbbbbbbbbbbbbbbbbbbbbbbbbbbbb,0,0,14.12526,True
vbcnvshusabfmhsvrqboobvlpusqtqez,vbcnvshusabfmhsvrqboobvlpusqtqezvvvvvvvvvvvvvvvvvvvvvvvvvvvvvv,0,0,15.205221,True
rtmsgcrtutmdpberrmsdnfbnggiaholppsigbngvr,rtmsgcrtutmdpberrmsdnfbnggiaholppsigbngvrrrrrrrrrrrrrrrrrrrrrr,0,0,14.955641,True
zutuzphgrgmmmuflrbvprb,zutuzphgrgmmmuflrbvprbzzzzzzzzzzzzzzzzzzzzzzzzzzzzzzzzzzzzzzzz,0,0,14.341458,True
ozbtmgzoippisauvmvzoophnihqqoisihzllm,ozbtmgzoippisauvmvzoophnihqqoisihzllmooooooooooooooooooooooooo,0,0,14.242606,True
vdzgzumoufvfqfllqlilvsedihzmcaqq,vdzgzumoufvfqfllqlilvsedihzmcaqqvvvvvvvvvvvvvvvvvvvvvvvvvvvvvv,0,0,15.257711,True
mnry?fnhsqunpmetghgmz-,mnry?fnhsqunpmetghgmz-mmmmmmmmmmmmmmmmmmmmmmmmmmmmmmmmmmmmmmmm,1,0,15.978971,False
wtx?dsqpgpeznhomtyruhmgscsdslbpldlibluian,wtx?dsqpgpeznhomtyruhmgscsdslbpldlibluianwwwwwwwwwwwwwwwwwwwww,1,0,15.849971,False
burvuiquohudztoauonp,burvuiquohudztoauonpbbbbbbbbbbbbbbbbbbbbbbbbbbbbbbbbbbbbbbbbbb,0,0,16.351597,True
aulsifiqchqmdkdgoqlsv!afqzy,aulsifiqchqmdkdgoqlsvqafqzyaaaaaaaaaaaaaaaaaaaaaaaaaaaaaaaaaaa,1,0,16.001444,False
pniqlqmvbupvehiormfarlbs,pniqlqmvbupvehiormfarlbspppppppppppppppppppppppppppppppppppppp,0,0,16.10564,True
albfpflgzqvzopadbvrepiphvficfzzgmsddd,albfpflgzqvzopadbvrepiphvficfzzgmsdddaaaaaaaaaaaaaaaaaaaaaaaaa,0,0,14.654348,True
cndszffzguhqpgqocmlifoihpiugzcmorzzqdsmpzbspzrfflggbplvr,cndszffzguhqpgqocmlifoihpiugzcmorzzqdsmpzbspzrfflggbplvrcccccc,0,0,14.509523,True
uqlgzhesgmlgifassvqrzbbaivqqmottasvtdznonzq,uqlgzhesgmlgifassvqrzbbaivqqmottasvtdznonzquuuuuuuuuuuuuuuuuuu,0,0,14.468384,True
rnprnqbgqeapmtdbsmldvvhfliafdnaivvtbco,rnprnqbgqeapmtdbsmldvvhfliafdnaivvtbcorrrrrrrrrrrrrrrrrrrrrrrr,0,0,14.911875,True
garvngzophlvlipedgloiglihirbrtlcnumvriarpgec,garvngzophlvlipedgloiglihirbrtlcnumvriarpgecgggggggggggggggggg,0,0,16.116774,True
qdgalcaftqrhzievgunapgugidbghezvsodumqlfnaqoe,qdgalcaftqrhzievgunapgugidbghezvsodumqlfnaqoeqqqqqqqqqqqqqqqqq,0,0,16.373617,True
hpuviqscuqanhcigsinisefmfcuczcfcbzsfttiq,hpuviqscuqanhcigsinisefmfcuczcfcbzsfttiqhhhhhhhhhhhhhhhhhhhhhh,0,0,15.157274,True
iznlqhegsrdzyfntvewrvv,iznlqhegsrdzyfntvewrvviiiiiiiiiiiiiiiiiiiiiiiiiiiiiiiiiiiiiiii,1,0,15.950349,False
ivcliecbdqedahtquvtmbuoqnqlmlotrvuoqsfudzbugtlapfvvvm,ivcliecbdqedahtquvtmbuoqnqlmlotrvuoqsfudzbugtlapfvvvmiiiiiiiii,0,0,15.55756,True
iftsouipmrpcfzicorlvsvus,iftsouipmrpcfzicorlvsvusiiiiiiiiiiiiiiiiiiiiiiiiiiiiiiiiiiiiii,0,0,15.936122,True
prhqfqfbvmtvpbcvhhlumqizpoczfqmvodhocfszudqdt,prhqfqfbvmtvpbcvhhlumqizpoczfqmvodhocfszudqdtppppppppppppppppp,0,0,15.946629,True
iipviszfiqpaotmpvamgnsvdalgles,iipviszfiqpaotmpvamgnsvdalglesiiiiiiiiiiiiiiiiiiiiiiiiiiiiiiii,0,0,15.311379,True
spfahhcunphspltclqbemqbtrebpzc,spfahhcunphspltclqbemqbtrebpzcssssssssssssssssssssssssssssssss,0,0,15.99608,True
atluidadhbcsbuiucstnlhftesoczqiuzgcepgbdpiubdpibfedafbzd,atluidadhbcsbuiucstnlhftesoczqiuzgcepgbdpiubdpibfedafbzdaaaaaa,0,0,15.967226,True
premohpgigdmvrqavzgptbpsisoglsutzblqnrquiudqaocauqmbdabssb,premohpgigdmvrqavzgptbpsisoglsutzblqnrquiudqaocauqmbdabssbpppp,0,0,15.742779,True
oagvdsnrbzcrsbniqvshsbrslugsbagmlpnzecscgiatbvof,oagvdsnrbzcrsbniqvshsbrslugsbagmlpnzecscgiatbvofoooooooooooooo,0,0,16.025442,True
lhntvhutqfeqthcqilobplqqsnuuqmiqmzppeoarurmoviimeuda,lhntvhutqfeqthcqilobplqqsnuuqmiqmzppeoarurmoviimeudallllllllll,0,0,14.979036,True
cgrdlpbaccobmulbmrodfhmlpcimpqtusqehflqa,cgrdlpbaccobmulbmrodfhmlpcimpqtusqehflqacccccccccccccccccccccc,0,0,15.877627,True
igzegavoprdgarcprmsoar,igzegavoprdgarcprmsoariiiiiiiiiiiiiiiiiiiiiiiiiiiiiiiiiiiiiiii,0,0,16.179777,True
vdtlzfalzprfqnfbsvzetsdqshvdlmsudphaugturova,vdtlzfalzprfqnfbsvzetsdqshvdlmsudphaugturovavvvvvvvvvvvvvvvvvv,0,0,16.257265,True
oubnsemaaqftshtphbqcvza,oubnsemaaqftshtphbqcvzaooooooooooooooooooooooooooooooooooooooo,0,0,15.365601,True
tdcezfuiovfvhuvapdtvaefqhegcf,tdcezfuiovfvhuvapdtvaefqhegcfttttttttttttttttttttttttttttttttt,0,0,16.056005,True
beizivhdamdurpoifshsftffmcderbiz,beizivhdamdurpoifshsftffmcderbizbbbbbbbbbbbbbbbbbbbbbbbbbbbbbb,0,0,15.356607,True
ulbcgvroivbgztlaftedfcdlzfofeequdg,ulbcgvroivbgztlaftedfcdlzfofeequdguuuuuuuuuuuuuuuuuuuuuuuuuuuu,0,0,16.255308,True
giaqreeietdsufutcpioivpacimpzqucqd,giaqreeietdsufutcpioivpacimpzqucqdgggggggggggggggggggggggggggg,0,0,15.924945,True
elmrpfrqmqlitngnahtonvatemlzurlobbuqqbv,elmrpfrqmqlitngnahtonvatemlzurlobbuqqbveeeeeeeeeeeeeeeeeeeeeee,0,0,15.503296,True
ricvfhidzfctgdmcmfvmfahbzlzzfzhlouhnimmztrditnqt,ricvfhidzfctgdmcmfvmfahbzlzzfzhlouhnimmztrditnqtrrrrrrrrrrrrrr,0,0,15.108131,True
berenitczvarrgnlloohhsqgurevvhrhlidgavemhdshsizacrrdahlbi,berenitczvarrgnlloohhsqgurevvhrhlidgavemhdshsizacrrdahlbibbbbb,0,0,13.695417,True
ccfqubavdzsspiepmhbzvrhhrddgffqelrhtmrmlgupe,ccfqubavdzsspiepmhbzvrhhrddgffqelrhtmrmlgupecccccccccccccccccc,0,0,14.287968,True
lonqzznutpneivbiphqzdhditdbvrbcrlfvlbmeiztzsia,lonqzznutpneivbiphqzdhditdbvrbcrlfvlbmeiztzsiallllllllllllllll,0,0,15.225959,True
dhtqvbeqdpeczrrrvimhlviizmzmaggvtf,dhtqvbeqdpeczrrrvimhlviizmzmaggvtfdddddddddddddddddddddddddddd,0,0,13.510881,True
oqrphqvpzmlobhgorgamiihptsqqrosqpepulqegnbif,oqrphqvpzmlobhgorgamiihptsqqrosqpepulqegnbifoooooooooooooooooo,0,0,15.4214325,True
nlpbbhvedhhgcnmvftmqiieqoqsrzooaaclaizf,nlpbbhvedhhgcnmvftmqiieqoqsrzooaaclaizfnnnnnnnnnnnnnnnnnnnnnnn,0,0,13.654366,True
ztlprirjyhgfvuqvuqtlixanqprblul?iodnrqhslauhfucuecmecoevudi,ztlprirjyhgfvuqvuqtlixanqprbluliodnrqhslauhfucuecmecoevudizzz,1,0,16.305216,False
vsgmudmpdppgbolasvllqgglvdapzqzzvqirfleio,vsgmudmpdppgbolasvllqgglvdapzqzzvqirfleiovvvvvvvvvvvvvvvvvvvvv,0,0,14.577576,True
mmvftdhruueiuirgbspqdniinlgbsovthbmtnptttd,mmvftdhruueiuirgbspqdniinlgbsovthbmtnptttdmmmmmmmmmmmmmmmmmmmm,0,0,13.936573,True
emesmeurmqenaurvarrggaveqgphmfs,emesmeurmqenaurvarrggaveqgphmfseeeeeeeeeeeeeeeeeeeeeeeeeeeeeee,0,0,15.092189,True
tbdfivfunecvcvconbudrmdrrnqephesntmsggfriubovegsiim,tbdfivfunecvcvconbudrmdrrnqephesntmsggfriubovegsiimttttttttttt,0,0,14.948604,True
mzlarebsilpvomssdilreuvpvetbgolipeulfpvahesmztitq,mzlarebsilpvomssdilreuvpvetbgolipeulfpvahesmztitqmmmmmmmmmmmmm,0,0,15.965455,True
ugfdbscbvtzecbqnncmeqz#,ugfdbscbvtzecbqnncmeqz#uuuuuuuuuuuuuuuuuuuuuuuuuuuuuuuuuuuuuuu,1,0,14.359155,False
b?lueahiv@fryevddoash,b?lueahiv@fryevddoashbbbbbbbbbbbbbbbbbbbbbbbbbbbbbbbbbbbbbbbbb,1,0,15.575303,False
idvlvzunlzpcuhcnvnnzvuozh,idvlvzunlzpcuhcnvnnzvuozhiiiiiiiiiiiiiiiiiiiiiiiiiiiiiiiiiiiii,0,0,15.147025,True
cmzgzbgzfpdtafiuteghuubmefrilrfirdqrzeiiqlvrmmultdt,cmzgzbgzfpdtafiuteghuubmefrilrfirdqrzeiiqlvrmmultdtccccccccccc,0,0,15.185546,True
dnmsesraqfpqqarprtzrpqu,dnmsesraqfpqqarprtzrpquddddddddddddddddddddddddddddddddddddddd,0,0,15.281622,True
ppiaicnfqdrselvfzqdmzvrdcdddaqlnrmoazcdcz,ppiaicnfqdrselvfzqdmzvrdcdddaqlnrmoazcdczppppppppppppppppppppp,0,0,14.44579,True
vgnhfidqiditntdiduvozbhagtuvzul,vgnhfidqiditntdiduvozbhagtuvzulvvvvvvvvvvvvvvvvvvvvvvvvvvvvvvv,0,1,16.563398,False
mamybu@fazqpvutcg!tlebeurrujlsifyl#hhobqtindo!om,mamybu@fazqpvutcgtlebeurrujlsifyl#hhobqtindoommmmmmmmmmmmmmm,1,0,15.344998,False
qsovfuznzqmldritlbfgofbggdrodsbodarlvmrmzzqdpftsn,qsovfuznzqmldritlbfgofbggdrodsbodarlvmrmzzqdpftsnqqqqqqqqqqqqq,0,0,15.444878,True
mdcnivvegrnzcoehcrpstirrdzrdehhaiafndarsgobiicelm,mdcnivvegrnzcoehcrpstirrdzrdehhaiafndarsgobiicelmmmmmmmmmmmmmm,0,0,14.685792,True
gevthdicnihngedurpdvtosacq@ukdlaaghdlqbqhcbasphacdgn,gevthdicnihngedurpdvtosacqukdlaaghdlqbqhcbasphacdgngggggggggg,1,0,15.815932,False
omildrhgvdzhlhhggcqmtnishmpdgbtsbtrf,omildrhgvdzhlhhggcqmtnishmpdgbtsbtrfoooooooooooooooooooooooooo,0,0,14.822652,True
blfzqesommsbsczzetdzoungacsasfigsiezrls,blfzqesommsbsczzetdzoungacsasfigsiezrlsbbbbbbbbbbbbbbbbbbbbbbb,0,0,15.436048,True
ezezrrsqmggzzvnchsslz,ezezrrsqmggzzvnchsslzeeeeeeeeeeeeeeeeeeeeeeeeeeeeeeeeeeeeeeeee,0,0,13.090193,True
stfnedsbauiddpdziqdfztfhhznttoqoulvaihfnsz,stfnedsbauiddpdziqdfztfhhznttoqoulvaihfnszssssssssssssssssssss,0,0,14.685267,True
mdferedprlmfhszaogbzuvgvqcorhc,mdferedprlmfhszaogbzuvgvqcorhcmmmmmmmmmmmmmmmmmmmmmmmmmmmmmmmm,0,0,16.264692,True
rglrinacqchfpvecoegfcmbshuemrcnmatatifbbmir,rglrinacqchfpvecoegfcmbshuemrcnmatatifbbmirrrrrrrrrrrrrrrrrrrr,0,0,15.099564,True
gprafcziaazqomaiflmiolgligu,gprafcziaazqomaiflmiolgliguggggggggggggggggggggggggggggggggggg,0,0,16.098738,True
convmmfobqrbrzasegfap,convmmfobqrbrzasegfapccccccccccccccccccccccccccccccccccccccccc,0,0,15.422718,True
phivouqhoppmgbtdpnrrbcmoehzqgiqld,phivouqhoppmgbtdpnrrbcmoehzqgiqldppppppppppppppppppppppppppppp,0,0,15.396283,True
oobdelqpbvntihfsseleaopoahvvglosbrqqgrlblgadgqcoqzavdzm,oobdelqpbvntihfsseleaopoahvvglosbrqqgrlblgadgqcoqzavdzmooooooo,0,0,14.676094,True
inahsovdclmlmcffunrf@vmgnvntiuxzzgzzgbsrkegcxprixlzm,inahsovdclmlmcffunrfvmgnvntiuxzzgzzgbsrkegcxprixlzmiiiiiiiiii,1,0,15.268169,False
phqoizmspunmqnqdfrrdd,phqoizmspunmqnqdfrrddppppppppppppppppppppppppppppppppppppppppp,0,0,14.190024,True
etaioanvztdgcvethrvbtbgggstnfhezqtchnbh,etaioanvztdgcvethrvbtbgggstnfhezqtchnbheeeeeeeeeeeeeeeeeeeeeee,0,0,14.440411,True
psenlznsppfrztvetqnzqrrnaar,psenlznsppfrztvetqnzqrrnaarppppppppppppppppppppppppppppppppppp,0,0,14.3560705,True
rpqcbmbdvaffgimeqdnnbrooqumrndsphv,rpqcbmbdvaffgimeqdnnbrooqumrndsphvrrrrrrrrrrrrrrrrrrrrrrrrrrrr,0,0,14.860022,True
ntghpteumenbgosvfoidhzgtsdiimncilhsthcgoafgdzsuzimegirvrgum,ntghpteumenbgosvfoidhzgtsdiimncilhsthcgoafgdzsuzimegirvrgumnnn,0,0,15.865977,True
giheidmgpevtqsothaqfnzgfvq,giheidmgpevtqsothaqfnzgfvqgggggggggggggggggggggggggggggggggggg,0,0,16.203897,True
gzdlgdhiuhsomdqfbdbqpztouqrgvecdvsdcdb,gzdlgdhiuhsomdqfbdbqpztouqrgvecdvsdcdbgggggggggggggggggggggggg,0,0,15.853147,True
cnfhuuamiagqnzdfhredgadvnbueiptafmlus,cnfhuuamiagqnzdfhredgadvnbueiptafmlusccccccccccccccccccccccccc,0,0,15.632953,True
rpnqguobscteqrmvdcdmsebomzoehaitudrmqrrbacuuaibbeulprfncu,rpnqguobscteqrmvdcdmsebomzoehaitudrmqrrbacuuaibbeulprfncurrrrr,0,0,15.361377,True
irqeugofsbrtfdopocnieppmprluduicmthisbh,irqeugofsbrtfdopocnieppmprluduicmthisbhiiiiiiiiiiiiiiiiiiiiiii,0,0,15.611566,True
fmlesemnhgctfdgisnnlhflhpusditgpzfesgmtlqsgpzbdorfv,fmlesemnhgctfdgisnnlhflhpusditgpzfesgmtlqsgpzbdorfvfffffffffff,0,0,15.795963,True
pevrtdooqmlrabqhbqvmglouibfsdnhcoibcdhhgqv,pevrtdooqmlrabqhbqvmglouibfsdnhcoibcdhhgqvpppppppppppppppppppp,0,0,15.349367,True
grchhrcnniizmnuiuhhuruaidrgzannmrrbm,grchhrcnniizmnuiuhhuruaidrgzannmrrbmgggggggggggggggggggggggggg,0,0,13.026515,True
pszvsavrosgezohtxe!cqvsrotmbhfhricsqgcfmqvbasrjfprf,pszvsavrosgezohtxecqvsrotmbhfhricsqgcfmqvbasrjfprfppppppppppp,1,0,15.79778,False
flqiigzrqhfqhrfinpnordreqhrczfhlrpzqupqdavhr,flqiigzrqhfqhrfinpnordreqhrczfhlrpzqupqdavhrffffffffffffffffff,0,0,15.904784,True
ombgchneeupvmpndndhsulzogecog,ombgchneeupvmpndndhsulzogecogooooooooooooooooooooooooooooooooo,0,0,15.415397,True
gpqanthfniqoghbamgpsrvsdlmdptganraqufledraeugsaeq,gpqanthfniqoghbamgpsrvsdlmdptganraqufledraeugsaeqggggggggggggg,0,1,16.528477,False
enupqprevlnnidqbuvzoblmlozotcnqnfbqutiuggrqrbhtzesbhza,enupqprevlnnidqbuvzoblmlozotcnqnfbqutiuggrqrbhtzesbhzaeeeeeeee,0,0,15.645973,True
dvrmusbpnplozbheenszbtbfcqqdncblbbomq,dvrmusbpnplozbheenszbtbfcqqdncblbbomqddddddddddddddddddddddddd,0,0,14.032864,True
iqfnomicfvibqaztocidcmenbbqolgnarthzqmurbmarqogprmtmmii,iqfnomicfvibqaztocidcmenbbqolgnarthzqmurbmarqogprmtmmiiiiiiiii,0,0,15.157405,True
ichmtlduafetrotgntvttrnufdredtrmlebmg,ichmtlduafetrotgntvttrnufdredtrmlebmgiiiiiiiiiiiiiiiiiiiiiiiii,0,0,15.229763,True
ocfbtqizcqrqenozrznallfutf,ocfbtqizcqrqenozrznallfutftoooooooooooooooooooooooooooooooooooo,0,0,15.331458,True
ocvblevbhvvvvhbhecbnnrienvseuzluril,ocvblevbhvvvvhbhecbnnrienvseuzlurilooooooooooooooooooooooooooo,0,0,14.011963,True
vupwpcdnol#sbcaqexmqtautbvcvtnihibhl?ucshghfpfmxumrnk,vupwpcdnol#sbcaqexmqtautbvcvtnihibhlucshghfpfmxumrnkvvvvvvvvv,1,0,15.90767,False
vmpttbmtpzfaotvosuod,vmpttbmtpzfaotvosuodvvvvvvvvvvvvvvvvvvvvvvvvvvvvvvvvvvvvvvvvvv,0,0,15.322174,True
cvqpztfbqufzdcbnslpdqurbldmspin,cvqpztfbqufzdcbnslpdqurbldmspinccccccccccccccccccccccccccccccc,0,0,15.972325,True
dluvffdsafnfoacafnzhmpcup,dluvffdsafnfoacafnzhmpcupddddddddddddddddddddddddddddddddddddd,0,0,15.30529,True
qelsenidlnofsgvpedngqlnnfbiod,qelsenidlnofsgvpedngqlnnfbiodqqqqqqqqqqqqqqqqqqqqqqqqqqqqqqqqq,0,0,16.019812,True
sdcvdfvfmaijqlgdoh-@upv!nlmcurabt,sdcvdfvfmaijqlgdoh-@upvqnlmcurabtsssssssssssssssssssssssssssss,1,0,16.066946,False
mqgffdzcrntplsrmuzhenzuuuluilramnfemn,mqgffdzcrntplsrmuzhenzuuuluilramnfemnmmmmmmmmmmmmmmmmmmmmmmmmm,0,0,14.692159,True
eipivpbmeslqrphpplethlczztegomclobqvlbitncdnatv,eipivpbmeslqrphpplethlczztegomclobqvlbitncdnatveeeeeeeeeeeeeee,0,0,15.017929,True
fsliasntmiobhfzeuehr,fsliasntmiobhfzeuehrffffffffffffffffffffffffffffffffffffffffff,0,0,16.04422,True
vsbzgmaffobcqapqobgvlqfrncmhotbzepetsqpboqchbbphafvbodgnr,vsbzgmaffobcqapqobgvlqfrncmhotbzepetsqpboqchbbphafvbodgnrvvvvv,0,0,14.921925,True
ehmgfzqboqudfluqvtrpfrbisqpqmhnzulsnzitccitubgtvhoqrz,ehmgfzqboqudfluqvtrpfrbisqpqmhnzulsnzitccitubgtvhoqrzeeeeeeeee,0,0,15.857539,True
nspalmluplmanffrvcaovoopuupptb,nspalmluplmanffrvcaovoopuupptbnnnnnnnnnnnnnnnnnnnnnnnnnnnnnnnn,0,0,14.588436,True
eqtiuonrdnzgsoramedlmqlm,eqtiuonrdnzgsoramedlmqlmleeeeeeeeeeeeeeeeeeeeeeeeeeeeeeeeeeeeee,0,0,16.339025,True
bibvmevzgoffzsmgsobpaenogiuqizqsucvochmouqvdgfhomtfsupqacu,bibvmevzgoffzsmgsobpaenogiuqizqsucvochmouqvdgfhomtfsupqacubbbb,0,0,16.078585,True
mpgqfvmamocfqnntgvdfuv,mpgqfvmamocfqnntgvdfuvmmmmmmmmmmmmmmmmmmmmmmmmmmmmmmmmmmmmmmmm,0,0,15.730762,True
uftsuoqpqicieaemedoasmfbufgdstpemrdibvlbsoiseeddunrilbm,uftsuoqpqicieaemedoasmfbufgdstpemrdibvlbsoiseeddunrilbmuuuuuuu,0,0,15.01426,True
tldphongpthnlhzuucpnuonq,tldphongpthnlhzuucpnuonqtttttttttttttttttttttttttttttttttttttt,0,0,15.616431,True
odflnlzsamfgcrsfzenodnbsceafdezri,odflnlzsamfgcrsfzenodnbsceafdezriooooooooooooooooooooooooooooo,0,0,15.941166,True
ubitnsdhbdlnbbctvnmumfecsstow-fgrlxs#sjasphtteehhduzlwpe,ubitnsdhbdlnbbctvnmumfecsstow-fgrlxssjasphtteehhduzlwpeuuuuuu,1,0,14.134042,False
srcuptvhmhrpncflnlhaimp,srcuptvhmhrpncflnlhaimpsssssssssssssssssssssssssssssssssssssss,0,0,15.340326,True
nvcooeemdpvphghnzzbmqevtcusdbsehpaapfavhcs,nvcooeemdpvphghnzzbmqevtcusdbsehpaapfavhcsnnnnnnnnnnnnnnnnnnnn,0,0,14.026182,True
diliationdnvtrsfbabesmmzuacqcrtasnvh,diliationdnvtrsfbabesmmzuacqcrtasnvhdddddddddddddddddddddddddd,0,0,14.69402,True
nehinvusfgoleuzhhpoqczrnrmocbizulcc,nehinvusfgoleuzhhpoqczrnrmocbizulccnnnnnnnnnnnnnnnnnnnnnnnnnnn,0,0,14.94458,True
ietlbrpbvrbvgmvginoezdupgulntcucerheiurenmnlipvq,ietlbrpbvrbvgmvginoezdupgulntcucerheiurenmnlipvqiiiiiiiiiiiiii,0,0,15.632645,True
sicsbsehhrlqhrteipedrinbqpgzmi,sicsbsehhrlqhrteipedrinbqpgzmissssssssssssssssssssssssssssssss,0,0,15.4535265,True
qrclsirghdbgeriddotfqtnln,qrclsirghdbgeriddotfqtnlnqqqqqqqqqqqqqqqqqqqqqqqqqqqqqqqqqqqqq,0,0,15.360791,True
qtlivebcamgdcbuegandpsulbeprhuprhtdzgogpafg,qtlivebcamgdcbuegandpsulbeprhuprhtdzgogpafgfqqqqqqqqqqqqqqqqqqq,0,0,15.95099,True
lfbssqeghrigvoqirfbcughnegpsucumszmeevniuzfdmhvvefbupnl,lfbssqeghrigvoqirfbcughnegpsucumszmeevniuzfdmhvvefbupnllllllll,0,0,15.18995,True
gzbcetdsdbdnuocqglbdhaflssuqdtngscs,gzbcetdsdbdnuocqglbdhaflssuqdtngscsggggggggggggggggggggggggggg,0,0,15.176242,True
dlhlihnbpzghlsrgpmaudberrppcaqqarqhucoadoemumdnaf,dlhlihnbpzghlsrgpmaudberrppcaqqarqhucoadoemumdnaffddddddddddddd,0,0,14.602409,True
droomsdaoeladshequsariuoqbuopccizsuamqvpozbfavsvtdpvlfucirst,droomsdaoeladshequsariuoqbuopccizsuamqvpozbfavsvtdpvlfucirstdd,0,0,15.664441,True
mmamersmecrdzabvhedneuvgdzoptbngzhrc,mmamersmecrdzabvhedneuvgdzoptbngzhrcmmmmmmmmmmmmmmmmmmmmmmmmmm,0,0,15.041277,True
acssgzmgcrqhnlfihnunqpabrvgsnautrtlbvtnrtqbqhtlpodl,acssgzmgcrqhnlfihnunqpabrvgsnautrtlbvtnrtqbqhtlpodlaaaaaaaaaaa,0,0,15.995409,True
nfqeoefheitpdrbbgeiqrllpnraflogldnhzugdbaqqvpnqzdvagqnf,nfqeoefheitpdrbbgeiqrllpnraflogldnhzugdbaqqvpnqzdvagqnfnnnnnnn,0,0,14.831432,True
ipfbzmtbmoetheafbzugmzlduffzprdtlepzm,ipfbzmtbmoetheafbzugmzlduffzprdtlepzmiiiiiiiiiiiiiiiiiiiiiiiii,0,0,15.747538,True
lirrbbtzhbrmbelhipoibmhncrglos,lirrbbtzhbrmbelhipoibmhncrglosllllllllllllllllllllllllllllllll,0,0,15.009134,True
uievrvsqcfiidioiusiiiptqtalenamrrtedvctudmnbabuldel,uievrvsqcfiidioiusiiiptqtalenamrrtedvctudmnbabuldeluuuuuuuuuuu,0,0,14.352746,True
mastfppzcupdgcpprsoubdnoczspfftlpfbthtdtner,mastfppzcupdgcpprsoubdnoczspfftlpfbthtdtnermmmmmmmmmmmmmmmmmmm,0,0,14.836411,True
gpeqtnpnzemleuduvrefqnztazeusdlnqnrplvvlzacdlghqsvrnegcpmiq,gpeqtnpnzemleuduvrefqnztazeusdlnqnrplvvlzacdlghqsvrnegcpmiqggg,0,0,15.825979,True
bruqsgdvcfmfseocleffloufpzvs,bruqsgdvcfmfseocleffloufpzvsbbbbbbbbbbbbbbbbbbbbbbbbbbbbbbbbbb,0,0,15.493815,True
fqrfgnubbqtlglieauiccd,fqrfgnubbqtlglieauiccdffffffffffffffffffffffffffffffffffffffff,0,0,14.636169,True
ivspcefnrltchcntrtbdgrrtszmnfhzgrqgbhacoiczheftg,ivspcefnrltchcntrtbdgrrtszmnfhzgrqgbhacoiczheftgiiiiiiiiiiiiii,0,0,15.303612,True
naiuhqegfpodanugpvoreznrv,naiuhqegfpodanugpvoreznrvnnnnnnnnnnnnnnnnnnnnnnnnnnnnnnnnnnnnn,0,0,16.045305,True
pvozqcrsezroqccfdcvnsudfapsopqmvebp,pvozqcrsezroqccfdcvnsudfapsopqmvebpppppppppppppppppppppppppppp,0,0,15.167379,True
pcnsbdehhbmgdmvhrhvneuhntpeaphsrhrzhouool,pcnsbdehhbmgdmvhrhvneuhntpeaphsrhrzhouoolppppppppppppppppppppp,0,0,15.026619,True
shbsobdignqbbdhbabpohcvsroirizenzqbeqtqda,shbsobdignqbbdhbabpohcvsroirizenzqbeqtqdasssssssssssssssssssss,0,0,15.4915,True
rildbhizmhtflicvhuaptqtzhcrpqtpusdnnttsphuiphlllsrhagupp,rildbhizmhtflicvhuaptqtzhcrpqtpusdnnttsphuiphlllsrhagupprrrrrr,0,0,14.265154,True
frzhzzztdfrlvipbihbtfchoczl,frzhzzztdfrlvipbihbtfchoczlfffffffffffffffffffffffffffffffffff,0,0,14.912172,True
qzccvslrebicaiohinlugdtd,qzccvslrebicaiohinlugdtdqqqqqqqqqqqqqqqqqqqqqqqqqqqqqqqqqqqqqq,0,0,15.524468,True
padeelqfzrgziruecseaculzinmhrszp,padeelqfzrgziruecseaculzinmhrszppppppppppppppppppppppppppppppp,0,0,15.6304455,True
puanparfouavbnaaomupzuptafrbdfmhhvgrdzb,puanparfouavbnaaomupzuptafrbdfmhhvgrdzbppppppppppppppppppppppp,0,0,15.780771,True
qrhnksmpubnuevohbdodeuhcdbepznybdarcuu,qrhnksmpubnuevohbdodeuhcdbepznybdarcuuqqqqqqqqqqqqqqqqqqqqqqqq,1,0,15.674634,False
boopnpvqbmmtmgdlizgasphcrdhvaamuuzvrpldadvgued,boopnpvqbmmtmgdlizgasphcrdhvaamuuzvrpldadvguedbbbbbbbbbbbbbbbb,0,0,14.931553,True
obtpsoprlfzevvsvdersbodnnegdivcrlietgpftfdzivrba,obtpsoprlfzevvsvdersbodnnegdivcrlietgpftfdzivrbaoooooooooooooo,0,0,15.607315,True
qrlrsrq@bao@uogjz@pll,qrlrsrq@bao@uogjz@pllqqqqqqqqqqqqqqqqqqqqqqqqqqqqqqqqqqqqqqqqq,1,0,14.527463,False
bciffheaoosrntldtcnhboznmngpabuealdmar,bciffheaoosrntldtcnhboznmngpabuealdmarbbbbbbbbbbbbbbbbbbbbbbbb,0,0,14.796806,True
sctpvloihaonvcussbcvsmteefnrbiegoeminpqnscoc,sctpvloihaonvcussbcvsmteefnrbiegoeminpqnscocssssssssssssssssss,0,0,14.947968,True
haqqnvblmzmvbohqhzozoogloqlqrfpscergqbrmbiisuvfhnligm,haqqnvblmzmvbohqhzozoogloqlqrfpscergqbrmbiisuvfhnligmhhhhhhhhh,0,0,14.700039,True
zimuiguh-dkgjrozqfmyqnhdvlnqhgrbhorjletlnegducpbtqggials,zimuiguh-dkgjrozqfmyqnhdvlnqhgrbhorjletlnegducpbtqggialszzzzzz,1,0,16.001406,False
bpotvomrmbtalgatlotffpavllotlsbd,bpotvomrmbtalgatlotffpavllotlsbdbbbbbbbbbbbbbbbbbbbbbbbbbbbbbb,0,0,15.240311,True
precmbmfesrtoanrdquwfqgrvlip@mimzpedqgsrsnbaxbqilr?-bi!qbiv,precmbmfesrtoanrdquwfqgrvlipmimzpedqgsrsnbaxbqilr-bi!qbivbppp,1,0,16.08868,False
cbndcducsprehzrgigifhmo,cbndcducsprehzrgigifhmoccccccccccccccccccccccccccccccccccccccc,0,0,15.026455,True
mlluoazuzhelosbatpttvflqihdahfebzputbtrgm,mlluoazuzhelosbatpttvflqihdahfebzputbtrgmmmmmmmmmmmmmmmmmmmmmm,0,0,15.570121,True
aaachaqctrmqctrruongplt,aaachaqctrmqctrruongpltaaaaaaaaaaaaaaaaaaaaaaaaaaaaaaaaaaaaaaa,0,0,13.472701,True
llmhmavqhzapuedrabafgnuvgsddnpisoflofvoupvnlfqunstbbet,llmhmavqhzapuedrabafgnuvgsddnpisoflofvoupvnlfqunstbbetllllllll,0,0,15.568707,True
hgtbdrdudobhdttoibgczvffibsqemqfraiqvobpma,hgtbdrdudobhdttoibgczvffibsqemqfraiqvobpmahhhhhhhhhhhhhhhhhhhh,0,0,15.139255,True
elveqbicsotnmslbrtmtarcagufzmrncrhfplmhes,elveqbicsotnmslbrtmtarcagufzmrncrhfplmheseeeeeeeeeeeeeeeeeeeee,0,0,15.998282,True
uccrcnhfobipfihcmnupigrzztehfmmussbafrpuqcelhzfaozhlmzd,uccrcnhfobipfihcmnupigrzztehfmmussbafrpuqcelhzfaozhlmzduuuuuuu,0,0,15.236925,True
qvlfuoizgurvomuodzurpidzbdllbcdqvdscaetzabqrdhabhpndnozbfitv,qvlfuoizgurvomuodzurpidzbdllbcdqvdscaetzabqrdhabhpndnozbfitvqq,0,0,15.643779,True
nvrgffzvhaoivcoagtqpupmnignhspiubdanmiihfuofsm,nvrgffzvhaoivcoagtqpupmnignhspiubdanmiihfuofsmnnnnnnnnnnnnnnnn,0,0,15.058368,True
azozvfguqhgincimgchespznzfncmhanmbpiansnhnrg,azozvfguqhgincimgchespznzfncmhanmbpiansnhnrgaaaaaaaaaaaaaaaaaa,0,0,15.695881,True
wespbscbiuaogovmpdiihlgindwdvrvhmpxptfxsgdq#lv,wespbscbiuaogovmpdiihlgindwdvrvhmpxptfxsgdq#lvmwwwwwwwwwwwwwwww,1,0,15.512987,False
uiomeiknaf-sng-xrujfdtesvzqavt!fspscbop?zafpl,uiomeiknaf-sng-xrujfdtesvzqavtfspscbopzafpluuuuuuuuuuuuuuuuu,1,0,15.597254,False
iooxhsrsazsaou-vvrtbrddxni,iooxhsrsazsaou-vvrtbrddxniiiiiiiiiiiiiiiiiiiiiiiiiiiiiiiiiiiii,1,0,14.060902,False
vbdmmobvanhicielshbzccllianbvlmzurpomo,vbdmmobvanhicielshbzccllianbvlmzurpomovvvvvvvvvvvvvvvvvvvvvvvv,0,0,14.240481,True
fcguvpdaoodtomszfhrqrsibululagfsdzqq,fcguvpdaoodtomszfhrqrsibululagfsdzqqffffffffffffffffffffffffff,0,0,15.013783,True
slpsdbtvtmglmmsdvdvdiguvpslfzndal,slpsdbtvtmglmmsdvdvdiguvpslfzndalsssssssssssssssssssssssssssss,0,0,15.4177885,True
blmmmeiisiilaprdgdzivohggngslaovthdbrlsvmhbv,blmmmeiisiilaprdgdzivohggngslaovthdbrlsvmhbvbbbbbbbbbbbbbbbbbbb,0,0,14.185268,True
alsteblplrebzssrblgz,alsteblplrebzssrblgzaaaaaaaaaaaaaaaaaaaaaaaaaaaaaaaaaaaaaaaaaa,0,0,15.576813,True
hbzmnv!!lalcarbdonaliznqus##ltduf,hbzmnvqlalcarbdonaliznqus##ltdufhhhhhhhhhhhhhhhhhhhhhhhhhhhhh,1,0,15.336189,False
igthostmuedmliumftzbpivovbgombmizmrrltdubdeplqsqaahzbthlq,igthostmuedmliumftzbpivovbgombmizmrrltdubdeplqsqaahzbthlqiiiii,0,0,15.21457,True
pcucomrghvnzqmqlzcseufpdns,pcucomrghvnzqmqlzcseufpdnspppppppppppppppppppppppppppppppppppp,0,0,15.748603,True
vpdpavtbfqvqnlgaleqruqpiobznmlzfnncouqemzo,vpdpavtbfqvqnlgaleqruqpiobznmlzfnncouqemzovvvvvvvvvvvvvvvvvvvv,0,0,16.148897,True
ebqqabdeonelcdppidmlvmbuhemavqma,ebqqabdeonelcdppidmlvmbuhemavqmaeeeeeeeeeeeeeeeeeeeeeeeeeeeeee,0,0,14.664106,True
dfcddginbetflrtitdshhiurlpqqstlbffidevdosdtlpriffecfdlfh,dfcddginbetflrtitdshhiurlpqqstlbffidevdosdtlpriffecfdlfhdddddd,0,0,14.500931,True
zgrevcarsfbocidqgqbmdapfhbzescgasrvhvfovfevv,zgrevcarsfbocidqgqbmdapfhbzescgasrvhvfovfevvzzzzzzzzzzzzzzzzzz,0,0,15.501981,True
cc@czvfqrn!mrop@qcemm?ygbtspzuhvgs?pambiofvbtrrbzptgsmd,cc@czvfqrnmropqcemmygbtspzuhvgspambiofvbtrrbzptgsmdccccccc,1,0,15.274856,False
ovmbezqbfaohzcrzmpmdff,ovmbezqbfaohzcrzmpmdffoooooooooooooooooooooooooooooooooooooooo,0,0,15.151617,True
shgobudqhcipqqvigapeiocruvalamsctartnlfgnpzcoqolmmuvigpoagv,shgobudqhcipqqvigapeiocruvalamsctartnlfgnpzcoqolmmuvigpoagvsss,0,0,15.424499,True
ovpegazifehruleazvcptmpqqcfoubiinvouzmuuucgppdedoegbbhqe,ovpegazifehruleazvcptmpqqcfoubiinvouzmuuucgppdedoegbbhqeoooooo,0,0,14.49572,True
vtzesmqnpdsjthvotsoeh,vtzesmqnpdsjthvotsoehvvvvvvvvvvvvvvvvvvvvvvvvvvvvvvvvvvvvvvvvv,1,0,15.759874,False
ghrnzzttgmndluazuelegtpdzmsssvzesae,ghrnzzttgmndluazuelegtpdzmsssvzesaeggggggggggggggggggggggggggg,0,0,13.79574,True
hcdmscsqmooiapfminfnhgsrqvr,hcdmscsqmooiapfminfnhgsrqvrhhhhhhhhhhhhhhhhhhhhhhhhhhhhhhhhhhh,0,0,14.755685,True
tpcnfosntecremalunlbuaomnbbumllvtoedeoelnutsaaebo,tpcnfosntecremalunlbuaomnbbumllvtoedeoelnutsaaebottttttttttttt,0,0,15.249352,True
vdbqslonnbhapdstcsadevfeeqqzgaflfacqtouaifbgarvhefepbuivuzo,vdbqslonnbhapdstcsadevfeeqqzgaflfacqtouaifbgarvhefepbuivuzovvv,0,0,15.007645,True
cfqnshevptlihiotodrfdepgublfsstgm,cfqnshevptlihiotodrfdepgublfsstgmccccccccccccccccccccccccccccc,0,0,15.240756,True
vmbmocgcfiplnhclfviurrofmtfoaiglmnnasehs,vmbmocgcfiplnhclfviurrofmtfoaiglmnnasehsvvvvvvvvvvvvvvvvvvvvvv,0,0,14.831484,True
gbncbdcishepehdgtttzovldlsqrfocefgzibccemrrnosdlbrgtszcei,gbncbdcishepehdgtttzovldlsqrfocefgzibccemrrnosdlbrgtszceiggggg,0,0,14.845469,True
bosabsnruqpqobdfpedqrtidqssnsssbtmgsnmcbtvuvopms,bosabsnruqpqobdfpedqrtidqssnsssbtmgsnmcbtvuvopmsbbbbbbbbbbbbbb,0,0,14.473189,True
ltagcntbtbegabpnvlavurrglif,ltagcntbtbegabpnvlavurrgliflllllllllllllllllllllllllllllllllll,0,0,15.524532,True
taahhgodczrzreigzpfrrvnrfrhasovimabgvpfvbqfzc,taahhgodczrzreigzpfrrvnrfrhasovimabgvpfvbqfzcttttttttttttttttt,0,0,14.630265,True
fausfcsdmpiqfpemdqigvpmfetocnasgp,fausfcsdmpiqfpemdqigvpmfetocnasgpfffffffffffffffffffffffffffff,0,0,16.026955,True
gtuvndlldsuledopcnfruihbnrzspifdpvhnhltsiahmaptzqszviafpnn,gtuvndlldsuledopcnfruihbnrzspifdpvhnhltsiahmaptzqszviafpnnlgggg,0,0,15.469973,True
zbleezzenrtbfdttcoctziqeqfheftpzcbasqnhpolgelgcm,zbleezzenrtbfdttcoctziqeqfheftpzcbasqnhpolgelgcmzzzzzzzzzzzzzz,0,0,14.946742,True
azfvcievmgnuzptqpscmqidtagbuepflhcombgplmedvszurneqi,azfvcievmgnuzptqpscmqidtagbuepflhcombgplmedvszurneqiaaaaaaaaaa,0,1,16.673897,False
rdghaeaiaknbqzgvvq!!#bepetdmmrxpmwzhmlkc,rdghaeaiaknbqzgvvqq#bepetdmmrxpmwzhmlkcrrrrrrrrrrrrrrrrrrrrrr,1,0,14.341159,False
qfshbgrmaquzisldzuzqpqcvhbqf,qfshbgrmaquzisldzuzqpqcvhbqfqqqqqqqqqqqqqqqqqqqqqqqqqqqqqqqqqqq,0,0,15.990967,True
adcahpsijl#nbbcestmlzr,adcahpsijl#nbbcestmlzraaaaaaaaaaaaaaaaaaaaaaaaaaaaaaaaaaaaaaaa,1,0,14.91594,False
qimeciaeetpaioneqsdldotfoaivcmqdsaifio,qimeciaeetpaioneqsdldotfoaivcmqdsaifioqqqqqqqqqqqqqqqqqqqqqqqq,0,0,15.873808,True
thlieotbdnlierbcnabntmrztlaomi,thlieotbdnlierbcnabntmrztlaomitttttttttttttttttttttttttttttttt,0,0,15.600246,True
ologhbcfsluqhifeavmugqsnazdoiddblscbgmhdprdnpsveozlsecdgn,ologhbcfsluqhifeavmugqsnazdoiddblscbgmhdprdnpsveozlsecdgnooooo,0,0,15.503902,True
qfssmnfhqrfzmuvrcsnuvzmgdhfmcmiunagzustzbh,qfssmnfhqrfzmuvrcsnuvzmgdhfmcmiunagzustzbhqqqqqqqqqqqqqqqqqqqq,0,0,15.459223,True
mlbtzdtlnbndlzdsbvhzbmcbahiessuacrulvfnrgbzipcibvpdi,mlbtzdtlnbndlzdsbvhzbmcbahiessuacrulvfnrgbzipcibvpdimmmmmmmmmm,0,0,15.31169,True
ubaquhmqclodevhfrahhqicursaauefuielbaomhlaqdbebefqneqcfms,ubaquhmqclodevhfrahhqicursaauefuielbaomhlaqdbebefqneqcfmsuuuuu,0,0,15.780766,True
qqaocuxfgrigqrx#hqszafn#-zidhrpsimcqu@st@q,qqaocuxfgrigqrx#hqszafn#-zidhrpsimcqu@st@qqqqqqqqqqqqqqqqqqqqq,1,0,15.733451,False
bvefgpheasispimcfulstr,bvefgpheasispimcfulstrbbbbbbbbbbbbbbbbbbbbbbbbbbbbbbbbbbbbbbbb,0,0,15.666666,True
nbrqacrzdzeueffoqedphvevmhir,nbrqacrzdzeueffoqedphvevmhirnnnnnnnnnnnnnnnnnnnnnnnnnnnnnnnnnn,0,0,14.826078,True
cvbccilcamhpomhw@ugfhgtedsetcunq-s#tijccex?tjgi,cvbccilcamhpomhw@ugfhgtedsetcunq-s#tijccextjgiccccccccccccccc,1,0,15.704496,False
mirlihnasdrbedmolhusdztdeth!fuszem-!qylqlphmlbshgcdb,mirlihnasdrbedmolhusdztdethfuszem-qqylqlphmlbshgcdbmmmmmmmmmm,1,0,15.785396,False
ouorfslacvdeovpudzteriuftappzb,ouorfslacvdeovpudzteriuftappzboooooooooooooooooooooooooooooooo,0,0,15.615704,True
cmpeszlfemehqqhnlpglsrvlgrhbphhmqvflluhcna,cmpeszlfemehqqhnlpglsrvlgrhbphhmqvflluhcnacccccccccccccccccccc,0,0,14.927406,True
bnuac-uatmieng?gdcuuzpesvcpsmefsvxgxni@frxamoggpll,bnuac-uatmienggdcuuzpesvcpsmefsvxgxni@frxamoggpllbbbbbbbbbbbb,1,0,15.086185,False
hgv#etyuflmrzejvsvebtuwesbwtblzdhgjsu,hgv#etyuflmrzejvsvebtuwesbwtblzdhgjsuhhhhhhhhhhhhhhhhhhhhhhhhh,1,0,16.293127,False
atiiitpoqpgtbhfhidahbhlrmuqnffvqtaiiiioroapfq,atiiitpoqpgtbhfhidahbhlrmuqnffvqtaiiiioroapfqaaaaaaaaaaaaaaaaa,0,0,13.586636,True
efqrovofnhgvovoalmagsltcsgmnqintvosuhtgtclmdsrogbtcunoceub,efqrovofnhgvovoalmagsltcsgmnqintvosuhtgtclmdsrogbtcunoceubeeee,0,0,16.487345,True
lseoiniihcppmthonbzaniulgmpcrdlactepofectgqhu,lseoiniihcppmthonbzaniulgmpcrdlactepofectgqhulllllllllllllllll,0,0,15.570537,True
mcqsdtcootauluiibnzivpzmlsvemcorhmlqvtfzlhuavpemdcctmnaavn,mcqsdtcootauluiibnzivpzmlsvemcorhmlqvtfzlhuavpemdcctmnaavnmmmm,0,0,15.168918,True
zqtlsrpdfsmohqhirgvcftvutbdvoonicevzohrdbtaceuls,zqtlsrpdfsmohqhirgvcftvutbdvoonicevzohrdbtaceulszzzzzzzzzzzzzz,0,0,15.361928,True
olootsncmzbosbgemuo?mmezpnt,olootsncmzbosbgemuommezpntooooooooooooooooooooooooooooooooooo,1,0,15.360476,False
zizsngaqggcadcmudubfimgufco,zizsngaqggcadcmudubfimgufcozzzzzzzzzzzzzzzzzzzzzzzzzzzzzzzzzzz,0,0,15.109215,True
rumrivdqrzudsirhmdnfasoetmbquegiaqmppmhbhuai,rumrivdqrzudsirhmdnfasoetmbquegiaqmppmhbhuairrrrrrrrrrrrrrrrrr,0,0,15.587411,True
zcatepnszcrndnqtehitasfupsdlalgbtclscatezvzlgmfnn,zcatepnszcrndnqtehitasfupsdlalgbtclscatezvzlgmfnnzzzzzzzzzzzzz,0,0,15.727942,True
qcoritrc!quiszzph@hworqebndhi?mj,qcoritrcqquiszzphhworqebndhi?mjqqqqqqqqqqqqqqqqqqqqqqqqqqqqqq,1,0,14.940559,False
nmanzihgtllpfdqzfhvigihchggmigflqtlceoetgzhhogobuz,nmanzihgtllpfdqzfhvigihchggmigflqtlceoetgzhhogobuznnnnnnnnnnnn,0,0,14.664507,True
bavnamfazaquufmrgipaqudbdomcmdliittrqfdcsse,bavnamfazaquufmrgipaqudbdomcmdliittrqfdcssebbbbbbbbbbbbbbbbbbb,0,0,14.511957,True
bhtpabuilloedgzlqdpqfubqfmlsfviiepiueinvpblvgegnq,bhtpabuilloedgzlqdpqfubqfmlsfviiepiueinvpblvgegnqbbbbbbbbbbbbb,0,0,15.034895,True
ttierflebpveazodpmzlamtg,ttierflebpveazodpmzlamtgtttttttttttttttttttttttttttttttttttttt,0,0,14.848071,True
gggpteduisrzevtzcvunlcqomttzdizuig,gggpteduisrzevtzcvunlcqomttzdizuiggggggggggggggggggggggggggggg,0,0,14.860005,True
oevtdbezfteomzbfaaetacvneaaftngesdfemovfdddbo,oevtdbezfteomzbfaaetacvneaaftngesdfemovfdddboooooooooooooooooo,0,0,14.383783,True
@rzsckdaqcrgfsuz@fudioddcxvntmsqchrbueancnl,@rzsckdaqcrgfsuzfudioddcxvntmsqchrbueancnlqqqqqqqqqqqqqqqqqqq,1,0,14.77229,False
dlalimmnglhq#g#xemulrr@gm-nnesifreqnfeuushdtiyhvi@w!p,dlalimmnglhq#g#xemulrr@gm-nnesifreqnfeuushdtiyhvi@wpddddddddd,1,0,14.762422,False
leuechmufgmnrfqhmcucaofiqo,leuechmufgmnrfqhmcucaofiqollllllllllllllllllllllllllllllllllll,0,0,16.246386,True
vzsnozcdipdqznspbefginmiutabzpcldgzladf,vzsnozcdipdqznspbefginmiutabzpcldgzladfvvvvvvvvvvvvvvvvvvvvvvv,0,0,15.796797,True
vrmfraebcvtfsslodhleotphvsozsipprlgomircdfg,vrmfraebcvtfsslodhleotphvsozsipprlgomircdfgvvvvvvvvvvvvvvvvvvv,0,0,15.20809,True
fpvn!fcvc@orkudazmeaqeqvzddhnxgmob?uhmsc,fpvn!fcvc@orkudazmeaqeqvzddhnxgmobuhmscffffffffffffffffffffff,1,0,15.550308,False
pssetfdinlrziugtsuqrfgzbussumpigpbvcusrctdfu,pssetfdinlrziugtsuqrfgzbussumpigpbvcusrctdfupppppppppppppppppp,0,0,14.955654,True
todzhevviinrdqzuihrogthsaboblldpst,todzhevviinrdqzuihrogthsaboblldpsttttttttttttttttttttttttttttt,0,0,14.548114,True
itcbnspcsgqmdnuucbrpevfpvhbearlrbtpthpmru,itcbnspcsgqmdnuucbrpevfpvhbearlrbtpthpmruiiiiiiiiiiiiiiiiiiiii,0,0,14.974047,True
dulgvqpcdetrlezmfhzuuacnfdbovgibrnnzqqucf,dulgvqpcdetrlezmfhzuuacnfdbovgibrnnzqqucfddddddddddddddddddddd,0,0,14.699951,True
izbooqgvctzizplcsdbmcdrnbltreldrizeghnpgireirholzpmf,izbooqgvctzizplcsdbmcdrnbltreldrizeghnpgireirholzpmfiiiiiiiiii,0,0,15.900136,True
gmqlposocnmasfqasmfpucngqztv,gmqlposocnmasfqasmfpucngqztvgggggggggggggggggggggggggggggggggg,0,1,17.201902,False
bgppiugsqqosnnohllaaqarchaugspctd,bgppiugsqqosnnohllaaqarchaugspctdbbbbbbbbbbbbbbbbbbbbbbbbbbbbb,0,0,13.444778,True
ziuzqstgmcvtvnaztohcbglacsmua,ziuzqstgmcvtvnaztohcbglacsmuazzzzzzzzzzzzzzzzzzzzzzzzzzzzzzzzz,0,0,16.009243,True
ecsaallrtmmetnirpmioomvdorntmmnzsbnop,ecsaallrtmmetnirpmioomvdorntmmnzsbnopeeeeeeeeeeeeeeeeeeeeeeeee,0,0,13.214804,True
ttibhndumhcmmqumoougqgnizlouupnsunbdqubufnogqoocnqfsvv,ttibhndumhcmmqumoougqgnizlouupnsunbdqubufnogqoocnqfsvvtttttttt,0,0,14.653002,True
ea?cmqhqfpbct-bp?pnavdna@,ea?cmqhqfpbct-bppnavdna@eeeeeeeeeeeeeeeeeeeeeeeeeeeeeeeeeeeee,1,0,15.651458,False
tiqngrcusnctdroidhvibnmtlptrqcbiczczzelvvribcicidfnv,tiqngrcusnctdroidhvibnmtlptrqcbiczczzelvvribcicidfnvtttttttttt,0,0,14.86579,True
gacnnrncoacfmsfemfuucfhfetpnptbscatnvesuzpmrs,gacnnrncoacfmsfemfuucfhfetpnptbscatnvesuzpmrsggggggggggggggggg,0,0,14.870474,True
hecbgelmblqimbmuiztipgluedrs,hecbgelmblqimbmuiztipgluedrshhhhhhhhhhhhhhhhhhhhhhhhhhhhhhhhhh,0,0,16.463364,True
wanibsrndethcpaezpdspsslwqupdlwwz!me!csoehgvlbuekibi,wanibsrndethcpaezpdspsslwqupdlwwzmecsoehgvlbuekibiwwwwwwwwww,1,0,15.133321,False
tfhslfehluhaohmcvamusonivqqvuubsqcibiafifzhuflrfmsraf,tfhslfehluhaohmcvamusonivqqvuubsqcibiafifzhuflrfmsrafttttttttt,0,0,15.360736,True
salcfclfpotqhzbtnpoggtrmuuipqannbhsevvnd,salcfclfpotqhzbtnpoggtrmuuipqannbhsevvndssssssssssssssssssssss,0,0,14.666652,True
vlpmsipzmliomloauvqzq,vlpmsipzmliomloauvqzqvvvvvvvvvvvvvvvvvvvvvvvvvvvvvvvvvvvvvvvvv,0,0,16.2886,True
vphdfcmrn@olrgpvaczc,vphdfcmrn@olrgpvaczcvvvvvvvvvvvvvvvvvvvvvvvvvvvvvvvvvvvvvvvvvv,1,0,15.850598,False
hczvnagneargsneqlmbdelpvpcon,hczvnagneargsneqlmbdelpvpconhhhhhhhhhhhhhhhhhhhhhhhhhhhhhhhhhh,0,0,16.015398,True
regtfebbdzdisqahqcatpmhht,regtfebbdzdisqahqcatpmhhtrrrrrrrrrrrrrrrrrrrrrrrrrrrrrrrrrrrrr,0,0,14.3525095,True
eqezmqefqpvsrisqruverzegcgzuoqfuvsovdtshrdr,eqezmqefqpvsrisqruverzegcgzuoqfuvsovdtshrdreeeeeeeeeeeeeeeeeee,0,0,16.14771,True
adeihriqdqlelmemppqoqal,adeihriqdqlelmemppqoqalaaaaaaaaaaaaaaaaaaaaaaaaaaaaaaaaaaaaaaa,0,0,15.380022,True
ebuubbagbqnabqfpclbvgfi,ebuubbagbqnabqfpclbvgfieeeeeeeeeeeeeeeeeeeeeeeeeeeeeeeeeeeeeee,0,0,14.367225,True
acmzpldpnfsefinitubzoqpdeomnezapnvtabzauhcvlupqsnnchemuushf,acmzpldpnfsefinitubzoqpdeomnezapnvtabzauhcvlupqsnnchemuushfaaa,0,0,15.396903,True
bznshstmtuqnhcecrffzczgpu,bznshstmtuqnhcecrffzczgpubbbbbbbbbbbbbbbbbbbbbbbbbbbbbbbbbbbbb,0,0,14.554199,True
popfcrdbandteoeoplssbfifgvdmzzgurgeenaomrdzfmtu,popfcrdbandteoeoplssbfifgvdmzzgurgeenaomrdzfmtuppppppppppppppp,0,0,14.857256,True
gosvnmggtdvvlxnjttdm@bcrd,gosvnmggtdvvlxnjttdm@bcrdggggggggggggggggggggggggggggggggggggg,1,0,14.537815,False
pcfmpftcebapumfmcimqpnhbvhiffamsepfzrmtli,pcfmpftcebapumfmcimqpnhbvhiffamsepfzrmtlippppppppppppppppppppp,0,0,14.987937,True
pfqqcchwvhotgfnzoeqrhbtg,pfqqcchwvhotgfnzoeqrhbtgpppppppppppppppppppppppppppppppppppppp,1,0,14.550677,False
agfndsnsbmnpflipcghcfvlgcpad,agfndsnsbmnpflipcghcfvlgcpadaaaaaaaaaaaaaaaaaaaaaaaaaaaaaaaaaa,0,0,15.646713,True
hfhbntrtegrpivzbebrdihvripeua,hfhbntrtegrpivzbebrdihvripeuahhhhhhhhhhhhhhhhhhhhhhhhhhhhhhhhh,0,0,16.071297,True
bcfgqudthihaitimpqqtftrmsqdmhovaocmqvdsqrmhs,bcfgqudthihaitimpqqtftrmsqdmhovaocmqvdsqrmhsdbbbbbbbbbbbbbbbbbb,0,0,15.459967,True
pndltomibggifedlzbanmznrqlbplnftbpgpvbzdecvbuuoagv,pndltomibggifedlzbanmznrqlbplnftbpgpvbzdecvbuuoagvpppppppppppp,0,0,14.711859,True
pagpprrmdzqrgivpqucmsduiitzqzovqozadfcisu,pagpprrmdzqrgivpqucmsduiitzqzovqozadfcisuppppppppppppppppppppp,0,0,14.8769245,True
ni#lxllllfvsozoifhjgnf-dcinbddpu,ni#lxllllfvsozoifhjgnf-dcinbddpunnnnnnnnnnnnnnnnnnnnnnnnnnnnnn,1,0,14.346036,False
lqqqagagmldccsezdgimhabgudbnigaozierrudqppapeznvmrthqqbna,lqqqagagmldccsezdgimhabgudbnigaozierrudqppapeznvmrthqqbnalllll,0,0,14.238888,True
vznqmmzzrfvreqszhzchduauhvfovqihcnorufzdqecdzsldnlzv,vznqmmzzrfvreqszhzchduauhvfovqihcnorufzdqecdzsldnlzvvvvvvvvvvv,0,0,15.356727,True
uedlbrbbzvpbodbgstcnvzentzvormlsicvmmugngmpfupvp,uedlbrbbzvpbodbgstcnvzentzvormlsicvmmugngmpfupvpuuuuuuuuuuuuuu,0,0,15.047272,True
fvsnqfreoiaamnrbpedziblhruovfevreq,fvsnqfreoiaamnrbpedziblhruovfevreqffffffffffffffffffffffffffff,0,0,15.802905,True
hpslzcmnpdolprqorphrgebchcglcabcummdvhthcdetprqmgcmfmlo,hpslzcmnpdolprqorphrgebchcglcabcummdvhthcdetprqmgcmfmlohhhhhhh,0,0,15.945605,True
sdgavicegrzehahtrloaluugbtr,sdgavicegrzehahtrloaluugbtrsssssssssssssssssssssssssssssssssss,0,0,15.364622,True
dgpoceuaclpqfrzmyapzpiiumsbidbrpvaapqxi,dgpoceuaclpqfrzmyapzpiiumsbidbrpvaapqxiddddddddddddddddddddddd,1,0,15.04454,False
cnobcqolsvqudtdssqltgmadecfrufu,cnobcqolsvqudtdssqltgmadecfrufuccccccccccccccccccccccccccccccc,0,0,15.391943,True
psllsgzmqnvfzqmnapolopbteummlcforqvgmubnlmglparau,psllsgzmqnvfzqmnapolopbteummlcforqvgmubnlmglparauppppppppppppp,0,0,15.599831,True
rzbnpegdipbmhinzggsglrceetu,rzbnpegdipbmhinzggsglrceeturrrrrrrrrrrrrrrrrrrrrrrrrrrrrrrrrrr,0,0,14.764043,True
ugkerbelnrfzapvcezcsgomzkbbkadewhxae,ugkerbelnrfzapvcezcsgomzkbbkadewhxaeuuuuuuuuuuuuuuuuuuuuuuuuuu,1,0,15.520216,False
gthlagqmesnslnpiivhrluufvcnbeom,gthlagqmesnslnpiivhrluufvcnbeomggggggggggggggggggggggggggggggg,0,0,15.138404,True
bcuazfzmmazuihqtezcthgqtmvbvzd,bcuazfzmmazuihqtezcthgqtmvbvzdbbbbbbbbbbbbbbbbbbbbbbbbbbbbbbbb,0,0,15.33376,True
spvdiftezsztnzrvuoaagsrcaqtafugmbglergsdgrfceel,spvdiftezsztnzrvuoaagsrcaqtafugmbglergsdgrfceelsssssssssssssss,0,0,15.29225,True
szhmphvrvpmofqvnbhfotfnfqqqqtbsuffusgzqnovaiheaohshgeto,szhmphvrvpmofqvnbhfotfnfqqqqtbsuffusgzqnovaiheaohshgetosssssss,0,0,14.959688,True
dvecviievmmppuhhnvzlnngsaasqhciantzvdfgzuzpdpuczpgqnpdsffae,dvecviievmmppuhhnvzlnngsaasqhciantzvdfgzuzpdpuczpgqnpdsffaeddd,0,0,14.20446,True
dvnfmqgiungrcsznphaqavugllprbmpanqfvulftzdlmbenevzrezm,dvnfmqgiungrcsznphaqavugllprbmpanqfvulftzdlmbenevzrezmdddddddd,0,0,15.749073,True
orqghtudeftepttgqramlqcnvq,orqghtudeftepttgqramlqcnvqoooooooooooooooooooooooooooooooooooo,0,0,15.34082,True
llaofyspsrhnztubvsq-zcbzezlrir,llaofyspsrhnztubvsq-zcbzezlrirllllllllllllllllllllllllllllllll,1,0,15.61214,False
borgogdzliphaquilelghlaqerfhzvis,borgogdzliphaquilelghlaqerfhzvisbbbbbbbbbbbbbbbbbbbbbbbbbbbbbb,0,0,16.050419,True
ofqqhnuolusiibrzrglfmpgauvppboovvsg,ofqqhnuolusiibrzrglfmpgauvppboovvsgooooooooooooooooooooooooooo,0,0,13.696665,True
ruzqbgnrathzibdnerringcp,ruzqbgnrathzibdnerringcprrrrrrrrrrrrrrrrrrrrrrrrrrrrrrrrrrrrrr,0,0,15.074555,True
bhaqbirvrcmznmnsudvbqvaiitgvgnzvdvdpu,bhaqbirvrcmznmnsudvbqvaiitgvgnzvdvdpubbbbbbbbbbbbbbbbbbbbbbbbb,0,0,14.794849,True
imgepinlnsghbsrristroidndqrbmunmbca,imgepinlnsghbsrristroidndqrbmunmbcaiiiiiiiiiiiiiiiiiiiiiiiiiii,0,0,14.889129,True
btfiaqdaqshqpstopllllcappptcbendgstmigvlmotdfnusizpqn,btfiaqdaqshqpstopllllcappptcbendgstmigvlmotdfnusizpqnbbbbbbbbb,0,0,14.249749,True
mczaggfoiqmiiaipvuziuznrsnfvcooaoagnm,mczaggfoiqmiiaipvuziuznrsnfvcooaoagnmmmmmmmmmmmmmmmmmmmmmmmmmm,0,0,14.774389,True
ttpmzbhisuenfpgqseucmmihapbodhaftdvvrnhfczprpefobrhtiru,ttpmzbhisuenfpgqseucmmihapbodhaftdvvrnhfczprpefobrhtiruttttttt,0,0,14.670089,True
bdgpdzlcstzdrzfghsrqliuugurcaqcgthofuvuspgifqp,bdgpdzlcstzdrzfghsrqliuugurcaqcgthofuvuspgifqpbbbbbbbbbbbbbbbb,0,0,15.560506,True
uopqldeflqpaepcisagtsvzepqcu,uopqldeflqpaepcisagtsvzepqcuuuuuuuuuuuuuuuuuuuuuuuuuuuuuuuuuuu,0,0,16.09971,True
negtgzmarrvozugmnqcvarabqe,negtgzmarrvozugmnqcvarabqennnnnnnnnnnnnnnnnnnnnnnnnnnnnnnnnnnn,0,0,15.67536,True
zqemrdvfizcctrstnrzqhpcihvtpbzdgviguvpvgggualaqdvirnpvz,zqemrdvfizcctrstnrzqhpcihvtpbzdgviguvpvgggualaqdvirnpvzzzzzzzz,0,0,14.941333,True
atszrdvfulgbctservifhqggmfrqqmmpsz,atszrdvfulgbctservifhqggmfrqqmmpszaaaaaaaaaaaaaaaaaaaaaaaaaaaa,0,0,14.515743,True
vh#n-qeuqquxgkdbmmvzbi!vbarruszt#rlsgptgo,vh#n-qeuqquxgkdbmmvzbi!vbarruszt#rlsgptgovvvvvvvvvvvvvvvvvvvvv,1,0,15.12586,False
bcimqubcdivgvocrrvgfilvbbdnmavczvozpmpos,bcimqubcdivgvocrrvgfilvbbdnmavczvozpmposbbbbbbbbbbbbbbbbbbbbbb,0,0,15.202792,True
dpupgbhspbi?ukeltvagrdmtnqaqzgnpceamk,dpupgbhspbiukeltvagrdmtnqaqzgnpceamkddddddddddddddddddddddddd,1,0,16.281866,False
#sbgcrjfluzlmqhvpogvlmhsc,ssbgcrjfluzlmqhvpogvlmhscgqqqqqqqqqqqqqqssssssssssssssssssssss,1,0,15.918818,False
redqhppcgmmrdflarpnpfagnzirermgbqclcfhhgmhglbplgrnviiq,redqhppcgmmrdflarpnpfagnzirermgbqclcfhhgmhglbplgrnviiqrrrrrrrr,0,0,14.900565,True
cagspooauqsahlhvzohglputifgdasqffidphfzohdi,cagspooauqsahlhvzohglputifgdasqffidphfzohdiccccccccccccccccccc,0,0,15.530483,True
hg@pqiobmpfudgumswflbrouqcm-znbxnpguztrvfllo,hg@pqiobmpfudgumswflbrouqcm-znbxnpguztrvfllohhhhhhhhhhhhhhhhhh,1,0,15.957175,False
utclcnfflntzrhfutchrpdzbblcgbsspiphnunbeethafzneoqmzpram,utclcnfflntzrhfutchrpdzbblcgbsspiphnunbeethafzneoqmzpramuuuuuu,0,0,14.437347,True
soznblqnlnvovhlslvvrtrfafrtmvhiplb,soznblqnlnvovhlslvvrtrfafrtmvhiplbssssssssssssssssssssssssssss,0,0,15.495376,True
ierobpzisbcglammzlzlvzllozobpesaivrsqrzbhlchohflmqebgtnqo,ierobpzisbcglammzlzlvzllozobpesaivrsqrzbhlchohflmqebgtnqoiiiii,0,0,15.50832,True
ohtopqflcvuqecsiirilrmfshuqbzbzdpuaphtrhtt,ohtopqflcvuqecsiirilrmfshuqbzbzdpuaphtrhttoooooooooooooooooooo,0,0,14.976269,True
uroxalfjgm?qgvlmovafhpctrnqvubzxpqfliucapxftfcbueusrvvntunh,uroxalfjgmqgvlmovafhpctrnqvubzxpqfliucapxftfcbueusrvvntunhuuu,1,0,15.372651,False
zmeruseqnqumgsafadagrhgpfmulgsiduenggoucgarg,zmeruseqnqumgsafadagrhgpfmulgsiduenggoucgargzzzzzzzzzzzzzzzzzz,0,0,15.938783,True
zbofqiiasbbecegoamfvqvlfh,zbofqiiasbbecegoamfvqvlfhzzzzzzzzzzzzzzzzzzzzzzzzzzzzzzzzzzzzz,0,0,14.650743,True
ocqdpvvupqapqidbotie,ocqdpvvupqapqidbotieoooooooooooooooooooooooooooooooooooooooooo,0,0,15.435446,True
mttidqisqzocngupfbnnpcafqcvahrreicsoz,mttidqisqzocngupfbnnpcafqcvahrreicsozmmmmmmmmmmmmmmmmmmmmmmmmm,0,0,14.729756,True
e-ngihlcsg?grmrlgudfhnpocqmxfgdpatglebivqqoggddlilno,e-ngihlcsggrmrlgudfhnpocqmxfgdpatglebivqqoggddlilnoeeeeeeeeee,1,0,15.527125,False
vltrvadodddmingadvonrpropzfgdctztpiezqzbbqmtmzu,vltrvadodddmingadvonrpropzfgdctztpiezqzbbqmtmzuvvvvvvvvvvvvvvv,0,0,15.05449,True
evqqguotgbuiqnodgqqunqnafafoqncqnuzqsglplffedlcpp,evqqguotgbuiqnodgqqunqnafafoqncqnuzqsglplffedlcppeeeeeeeeeeeee,0,0,14.891939,True
hroqeblathqnzptsiftggnlsvmprlobpczcnamcufanosdtb,hroqeblathqnzptsiftggnlsvmprlobpczcnamcufanosdtbhhhhhhhhhhhhhh,0,0,15.616309,True
heztrtbvhaibhmprqniiapnpinnbp,heztrtbvhaibhmprqniiapnpinnbphhhhhhhhhhhhhhhhhhhhhhhhhhhhhhhhh,0,0,14.125121,True
sffitppmvnaasihlhilifqvdagmqcvegulefirg,sffitppmvnaasihlhilifqvdagmqcvegulefirgsssssssssssssssssssssss,0,0,15.020927,True
atsnslrcsdiqcsuaschslglrstvnuiildrfeplh,atsnslrcsdiqcsuaschslglrstvnuiildrfeplhaaaaaaaaaaaaaaaaaaaaaaa,0,0,15.160169,True
bqpdarnlghpebblhmqgtampfzfellhdacpspbefarcmn,bqpdarnlghpebblhmqgtampfzfellhdacpspbefarcmnbbbbbbbbbbbbbbbbbb,0,0,15.30322,True
fdctdemrzgfiemlgtisfqdssmztilehrzatavqpoegsqiupgbribivneipq,fdctdemrzgfiemlgtisfqdssmztilehrzatavqpoegsqiupgbribivneipqfff,0,0,15.832089,True
ghabpbqstizfuihfmtpslmfzgvtipngsparfqgzmrrfpeer,ghabpbqstizfuihfmtpslmfzgvtipngsparfqgzmrrfpeerggggggggggggggg,0,0,15.44522,True
istgussdgelsisqhoqofilnhlemftsnbfvv,istgussdgelsisqhoqofilnhlemftsnbfvviiiiiiiiiiiiiiiiiiiiiiiiiii,0,0,15.362298,True
eratvarivurtapnqoboguapquriuhiiramvcus,eratvarivurtapnqoboguapquriuhiiramvcuseeeeeeeeeeeeeeeeeeeeeeee,0,0,15.780747,True
rsnjt!cmi!osamhmekeipuoq,rsnjtcmiosamhmekeipuoqrrrrrrrrrrrrrrrrrrrrrrrrrrrrrrrrrrrrrr,1,0,15.281949,False
hgatalvscolhbupvisclrheozccgifchqvgidhez,hgatalvscolhbupvisclrheozccgifchqvgidhezhhhhhhhhhhhhhhhhhhhhhh,0,0,15.378087,True
fmunzbrfegdnqdovchsuorzzbm,fmunzbrfegdnqdovchsuorzzbmffffffffffffffffffffffffffffffffffff,0,0,15.841346,True
ucuevzdrznqevnqchboutophui,ucuevzdrznqevnqchboutophuiuuuuuuuuuuuuuuuuuuuuuuuuuuuuuuuuuuuu,0,1,16.54237,False
apcrdcmfblcgglrsmlqccfrbimmzsebnplccmnnfcltqpfgnihqnfrhgpf,apcrdcmfblcgglrsmlqccfrbimmzsebnplccmnnfcltqpfgnihqnfrhgpfaaaa,0,0,14.291636,True
lphcbtbrbphplzhhsodhhthlascrozonpniqvgclbghohdrnd,lphcbtbrbphplzhhsodhhthlascrozonpniqvgclbghohdrndlllllllllllll,0,0,15.188302,True
bdadhonfqnhibhbzfgaqbzvfstrhnbbz,bdadhonfqnhibhbzfgaqbzvfstrhnbbzbbbbbbbbbbbbbbbbbbbbbbbbbbbbbb,0,0,14.854567,True
dgricmasfqphhzuisssrlqsuf,dgricmasfqphhzuisssrlqsufddddddddddddddddddddddddddddddddddddd,0,0,14.633814,True
vcqmfrhdfqtmsmvgqamavtmhhlehrrgqohuqzqpqftc,vcqmfrhdfqtmsmvgqamavtmhhlehrrgqohuqzqpqftcvvvvvvvvvvvvvvvvvvv,0,0,15.033322,True
idsstmnsefzttzpqoqnrdrboudcfapqqqlcueqrvistueenmcvl,idsstmnsefzttzpqoqnrdrboudcfapqqqlcueqrvistueenmcvliiiiiiiiiii,0,0,14.227506,True
lpqiqdhghvhqpztnbfdpndphvzfezcapf,lpqiqdhghvhqpztnbfdpndphvzfezcapflllllllllllllllllllllllllllll,0,0,15.538352,True
gshdammhnbuigpdrrhczcmhvdnlnqvtqppissiheiffdftagdza,gshdammhnbuigpdrrhczcmhvdnlnqvtqppissiheiffdftagdzaggggggggggg,0,0,14.516565,True
cingsogbgfufzovuribffvirg,cingsogbgfufzovuribffvirgccccccccccccccccccccccccccccccccccccc,0,0,15.624387,True
fpofvbdpestnameuqzthmnfrci,fpofvbdpestnameuqzthmnfrciffffffffffffffffffffffffffffffffffff,0,0,16.29006,True
sueprmhlmvdvthnqsplsbdunlmlstfgoegmbgntfszgulrpefspendrub,sueprmhlmvdvthnqsplsbdunlmlstfgoegmbgntfszgulrpefspendrubsssss,0,0,16.08632,True
sflhrefmsgglhgmqgtlboqlovi,sflhrefmsgglhgmqgtlboqlovissssssssssssssssssssssssssssssssssss,0,0,15.62035,True
eqsvmlznomqmdbvebupaftuzrpimdfzazaorcpfiubbvslvoe,eqsvmlznomqmdbvebupaftuzrpimdfzazaorcpfiubbvslvoeseeeeeeeeeeeee,0,0,16.099073,True
qnbaurvreinphlgsctaisoqaob,qnbaurvreinphlgsctaisoqaobqqqqqqqqqqqqqqqqqqqqqqqqqqqqqqqqqqqq,0,0,15.9699335,True
hdcstuohgbumfiavbvhlpdmrrlnitlqqhgqippopbbhcsoihss,hdcstuohgbumfiavbvhlpdmrrlnitlqqhgqippopbbhcsoihsshhhhhhhhhhhh,0,0,14.073498,True
huddsimuovurambzisdmqhichsqqrnnsonrilfmtruoevburadacbaa,huddsimuovurambzisdmqhichsqqrnnsonrilfmtruoevburadacbaahhhhhhh,0,0,14.785538,True
mfodfbzbmllaafpfnzozd,mfodfbzbmllaafpfnzozdmmmmmmmmmmmmmmmmmmmmmmmmmmmmmmmmmmmmmmmmm,0,0,14.065401,True
qumutnibgadlpbotpsnolglecbfqmmplnipmtcsoqdzafmpq,qumutnibgadlpbotpsnolglecbfqmmplnipmtcsoqdzafmpqqqqqqqqqqqqqqq,0,0,15.266949,True
ubeboocvzzibecbzbecpeoquvlnftffirbsttsotsmtbqalrepeagnbhg,ubeboocvzzibecbzbecpeoquvlnftffirbsttsotsmtbqalrepeagnbhguuuuu,0,0,14.576231,True
iufnzzolqnzrggvsqfvvnhbqsevfshtzg,iufnzzolqnzrggvsqfvvnhbqsevfshtzgiiiiiiiiiiiiiiiiiiiiiiiiiiiii,0,0,14.54707,True
lnpzremnromdemhtsetblmolvotzhbzigpofqrmuesbmgnlbtorvarbffa,lnpzremnromdemhtsetblmolvotzhbzigpofqrmuesbmgnlbtorvarbffallll,0,0,16.1613,True
bongzznitdhfchrqzdpairafzqamezecofunelvuusllfgezl,bongzznitdhfchrqzdpairafzqamezecofunelvuusllfgezlbbbbbbbbbbbbb,0,0,15.08936,True
fhqphulavomolmoqqhftonqifimaamucinntuvmqmge,fhqphulavomolmoqqhftonqifimaamucinntuvmqmgefffffffffffffffffff,0,0,14.981539,True
grfuaqrucerngdhbmcrbdotlodmtolfebiuqbs,grfuaqrucerngdhbmcrbdotlodmtolfebiuqbsgggggggggggggggggggggggg,0,0,16.371002,True
oqlardgidienhzdsbembdrhsihmzgfzpfvtcqudmaoc,oqlardgidienhzdsbembdrhsihmzgfzpfvtcqudmaocooooooooooooooooooo,0,0,16.007147,True
aslcmgnivrgsdiqzacsgsggrpnuhaqifednpvczhcvhufufcetbhe,aslcmgnivrgsdiqzacsgsggrpnuhaqifednpvczhcvhufufcetbheaaaaaaaaa,0,0,15.1876,True
reovsmmuomodpeescivrm,reovsmmuomodpeescivrmrrrrrrrrrrrrrrrrrrrrrrrrrrrrrrrrrrrrrrrrr,0,0,14.608265,True
vppqhuzlvsrebistfcnmucmhpvinlfcaabpoiedifetidislo,vppqhuzlvsrebistfcnmucmhpvinlfcaabpoiedifetidislovvvvvvvvvvvvv,0,0,15.419546,True
sallsrndandrozcdqhoqbhvaigsmllaegnlizfilvrfgzzinbtso,sallsrndandrozcdqhoqbhvaigsmllaegnlizfilvrfgzzinbtsossssssssss,0,0,15.214718,True
ccubtrpbqzvdhvhsdtmbduehluire,ccubtrpbqzvdhvhsdtmbduehluireccccccccccccccccccccccccccccccccc,0,0,15.093672,True
sieellcqrocohhmbporvodlftiimoooavrss,sieellcqrocohhmbporvodlftiimoooavrssssssssssssssssssssssssssss,0,0,13.213859,True
phtlzvburhpnbdmhrvulbqrbnqtnggpvucb,phtlzvburhpnbdmhrvulbqrbnqtnggpvucbppppppppppppppppppppppppppp,0,0,15.407544,True
vhshtvdcsvdnnogapstghiivcgzbnquoudsfhltzcpi,vhshtvdcsvdnnogapstghiivcgzbnquoudsfhltzcpivvvvvvvvvvvvvvvvvvv,0,0,14.888739,True
itrnhunsssrilsmvdicltdtlebnbmqz,itrnhunsssrilsmvdicltdtlebnbmqziiiiiiiiiiiiiiiiiiiiiiiiiiiiiii,0,0,14.3979435,True
lnaal!hnizqdrezsfew?qgvutw,lnaal!hnizqdrezsfewqgvutwqllllllllllllllllllllllllllllllllllll,1,0,15.965994,False
tqlrptgsclvcsodpumnhogfcd,tqlrptgsclvcsodpumnhogfcdttttttttttttttttttttttttttttttttttttt,0,0,16.098171,True
raaflpthrbodipgcnsqfivmlecirp,raaflpthrbodipgcnsqfivmlecirprrrrrrrrrrrrrrrrrrrrrrrrrrrrrrrrr,0,0,15.560545,True
tehnsmdfefasddtnvsusqgcndgvpnermzitpgzgebprlmql,tehnsmdfefasddtnvsusqgcndgvpnermzitpgzgebprlmqlttttttttttttttt,0,0,15.55348,True
hoabancphlpqrqqaumadqbvczugfvnqcmobisemvhdzilqtthqddrrnhssz,hoabancphlpqrqqaumadqbvczugfvnqcmobisemvhdzilqtthqddrrnhsszhhh,0,0,14.268899,True
vroqzhssssavasnggtzvfbponogqpphrzhstupsqpul,vroqzhssssavasnggtzvfbponogqpphrzhstupsqpulvvvvvvvvvvvvvvvvvvv,0,0,14.164801,True
iscbncgodzmfindbovvordbcttuoqqqrgfeczobmrmghvumtafgcvaenspu,iscbncgodzmfindbovvordbcttuoqqqrgfeczobmrmghvumtafgcvaenspuiii,0,0,14.325878,True
dzrztelrusmmgihpmbfvvcccpbrrqphpcedfbitpvlvbazsvehm,dzrztelrusmmgihpmbfvvcccpbrrqphpcedfbitpvlvbazsvehmddddddddddd,0,0,14.011235,True
hqhbqfcgnfopontvcrgdznqbbhzzlmzgqfubnvebdtmqbqsglcil,hqhbqfcgnfopontvcrgdznqbbhzzlmzgqfubnvebdtmqbqsglcilhhhhhhhhhh,0,0,15.099375,True
hgnrdhgpvhoglfghhmuqocznprcsfqaiaodubszttflnnmtgncild,hgnrdhgpvhoglfghhmuqocznprcsfqaiaodubszttflnnmtgncildhhhhhhhhh,0,0,14.864946,True
rqhrdcdqiiqlcbdugqfomzpaafnvbrmobuu,rqhrdcdqiiqlcbdugqfomzpaafnvbrmobuurrrrrrrrrrrrrrrrrrrrrrrrrrr,0,0,14.979694,True
hzqruevclthfhdpprqahthpvei,hzqruevclthfhdpprqahthpveihhhhhhhhhhhhhhhhhhhhhhhhhhhhhhhhhhhh,0,0,15.398939,True
psvgggdeausanehohnvqzbuzessutdtbpnunnltusdthtiavumtgbsuqb,psvgggdeausanehohnvqzbuzessutdtbpnunnltusdthtiavumtgbsuqbppppp,0,0,14.842417,True
iomnudghrgufvgapdprcgtamqlpmpzstvsadnbzufirromcnguqnb,iomnudghrgufvgapdprcgtamqlpmpzstvsadnbzufirromcnguqnbiiiiiiiii,0,0,15.7740755,True
sutmqerbhcfrsoausodcncet,sutmqerbhcfrsoausodcncetssssssssssssssssssssssssssssssssssssss,0,0,16.167791,True
usintpdmlpabmazvrhllgqzpaietqnmbeolgfmvhmulmoaqfleqnegrsfg,usintpdmlpabmazvrhllgqzpaietqnmbeolgfmvhmulmoaqfleqnegrsfguuuu,0,0,15.788998,True
llqeogsoimgibebfpprdbnaisdoau,llqeogsoimgibebfpprdbnaisdoaulllllllllllllllllllllllllllllllll,0,0,14.475005,True
eigdgopefrpclozebrvifeiohbhhnzpgtdzgsltenfifectbang,eigdgopefrpclozebrvifeiohbhhnzpgtdzgsltenfifectbangeeeeeeeeeee,0,0,15.471967,True
iphd-gmsnuutgbencn#rnhu!szjqb,iphd-gmsnuutgbencn#rnhu!szjqbiiiiiiiiiiiiiiiiiiiiiiiiiiiiiiiii,1,0,16.062757,False
irvatsmumgdcmgonbhbhtfzlmabagvvbpzhshazqlgi,irvatsmumgdcmgonbhbhtfzlmabagvvbpzhshazqlgiiiiiiiiiiiiiiiiiiii,0,0,14.995699,True
btqzmflqirshhgsuaesluptiznmnogramefmqvlghbfonzeumm,btqzmflqirshhgsuaesluptiznmnogramefmqvlghbfonzeummbbbbbbbbbbbb,0,0,15.44997,True
ubccgocqubfbizevzuccqctansrlalnoct,ubccgocqubfbizevzuccqctansrlalnoctuuuuuuuuuuuuuuuuuuuuuuuuuuuu,0,0,15.074736,True
vcazvsdzqdacirlugueeczevgifapmrtfqnbzizaehb,vcazvsdzqdacirlugueeczevgifapmrtfqnbzizaehbvvvvvvvvvvvvvvvvvvv,0,0,15.097103,True
dmblezcruoeeonvediruzovmprrbhcdolsnqdqpliqfaufetqlzshdilg,dmblezcruoeeonvediruzovmprrbhcdolsnqdqpliqfaufetqlzshdilgddddd,0,0,15.644899,True
ipqhnolmelshmrvzdorqfhrfbhcfv,ipqhnolmelshmrvzdorqfhrfbhcfviiiiiiiiiiiiiiiiiiiiiiiiiiiiiiiii,0,0,16.285027,True
lpvfomtftquqlqlbhcmreipt,lpvfomtftquqlqlbhcmreiptllllllllllllllllllllllllllllllllllllll,0,0,15.954417,True
blpmu-liarvqitbprixnrdgmpvtozvsap@seu,blpmu-liarvqitbprixnrdgmpvtozvsap@seubbbbbbbbbbbbbbbbbbbbbbbbb,1,0,16.341764,False
hddsiagvrxonbzzuzrivh#vlghppdnvgutilftoqfmmlxt,hddsiagvrxonbzzuzrivh#vlghppdnvgutilftoqfmmlxthhhhhhhhhhhhhhhh,1,0,14.601324,False
hvdpzcmzzuspmnmcuelplpmlebcq,hvdpzcmzzuspmnmcuelplpmlebcqhhhhhhhhhhhhhhhhhhhhhhhhhhhhhhhhhh,0,0,14.712169,True
sugopdvucdvgdraprtbzsgbugpqaiaughqmohzegel,sugopdvucdvgdraprtbzsgbugpqaiaughqmohzegelssssssssssssssssssss,0,0,15.92058,True
pushzqbvenmpmvdosvdl,pushzqbvenmpmvdosvdlpppppppppppppppppppppppppppppppppppppppppp,0,0,15.1987,True
lubepmqmmluhhnurgpbgtqihbarmludbbmgqahibesah,lubepmqmmluhhnurgpbgtqihbarmludbbmgqahibesahllllllllllllllllll,0,0,15.194153,True
eicapptoglnocsqtdqcqqlbztstneutr,eicapptoglnocsqtdqcqqlbztstneutreeeeeeeeeeeeeeeeeeeeeeeeeeeeee,0,0,14.427341,True
lciidemhzccbiogabcvaoe@hefokdplssggrav#e,lciidemhzccbiogabcvaoehefokdplssggrav#ellllllllllllllllllllll,1,0,15.050458,False
pcmsqqlcfhctzghcqadnvapvefrhghdmzmerglddheuibuheaitrnpgzc,pcmsqqlcfhctzghcqadnvapvefrhghdmzmerglddheuibuheaitrnpgzcppppp,0,0,15.436178,True
latczlcciucdhaiqmatlpqsrpnngfcenhclsmigcndqnhishhnrg,latczlcciucdhaiqmatlpqsrpnngfcenhclsmigcndqnhishhnrgllllllllll,0,0,14.547129,True
qtsptculdqvnvmsgubni,qtsptculdqvnvmsgubniqqqqqqqqqqqqqqqqqqqqqqqqqqqqqqqqqqqqqqqqqq,0,0,15.646286,True
ohuelourqlosahqnimfdoepmdurzhpvupsofznvntlbzz,ohuelourqlosahqnimfdoepmdurzhpvupsofznvntlbzzooooooooooooooooo,0,0,15.92271,True
teazqdx@lirir!ierl-bgzvqai-aosrhtf-,teazqdx@lirirqierl-bgzvqai-aosrhtf-ttttttttttttttttttttttttttt,1,0,15.592706,False
bqffdplhmcaefzzghbphcdcagg,bqffdplhmcaefzzghbphcdcaggbbbbbbbbbbbbbbbbbbbbbbbbbbbbbbbbbbbb,0,0,13.665782,True
qrqllzhqhaehhobiqafvegnvlnltgpriertmghgfnzsqqavnlpndssid,qrqllzhqhaehhobiqafvegnvlnltgpriertmghgfnzsqqavnlpndssidqqqqqq,0,0,14.644002,True
dqqoeelhuzfzoqunonfblvanflgauutpgldddhvuieplrn,dqqoeelhuzfzoqunonfblvanflgauutpgldddhvuieplrndddddddddddddddd,0,0,14.61466,True
svgpszfbozhvthbphlbdedsahgtfvtrlhiqleusvnzd,svgpszfbozhvthbphlbdedsahgtfvtrlhiqleusvnzdsssssssssssssssssss,0,0,16.144604,True
dgusggeaoiuhvqmhivmudnuppi,dgusggeaoiuhvqmhivmudnuppidddddddddddddddddddddddddddddddddddd,0,0,14.75473,True
ghapsscothhlvqigftbsmvmhsthcbnelbdprdaeonpzhgqge,ghapsscothhlvqigftbsmvmhsthcbnelbdprdaeonpzhgqgegggggggggggggg,0,0,14.920288,True
lnttnqnepqboaphcvtont,lnttnqnepqboaphcvtontlllllllllllllllllllllllllllllllllllllllll,0,0,15.683477,True
obgqrdqmlcndsvzipplanpgprendulzahtleuhshtrqdgddp,obgqrdqmlcndsvzipplanpgprendulzahtleuhshtrqdgddpoooooooooooooo,0,0,15.804873,True
efnggp@rnacrtgcndgempobgzbyfdni!ldjl,efnggp@rnacrtgcndgempobgzbyfdni!ldjleeeeeeeeeeeeeeeeeeeeeeeeee,1,0,15.6759205,False
fmfldlizsbquhudhttofgcrgcvgqtqqbodahomucbmslhvfpeqpcfepzla,fmfldlizsbquhudhttofgcrgcvgqtqqbodahomucbmslhvfpeqpcfepzlaffff,0,0,15.402123,True
tbiepldunbqsdarzlfodrnasbuquftmmotfcdfvchi,tbiepldunbqsdarzlfodrnasbuquftmmotfcdfvchitttttttttttttttttttt,0,0,15.945359,True
ssgnmioebcgssbnvhcelmvftnametdh,ssgnmioebcgssbnvhcelmvftnametdhsssssssssssssssssssssssssssssss,0,0,13.701866,True
cspcqfgtrtezgerrchdaugqcuslchblqdmeataheeldgzpfsqiczdudhp,cspcqfgtrtezgerrchdaugqcuslchblqdmeataheeldgzpfsqiczdudhpccccc,0,0,15.102907,True
onohzuebqzgnvhoispezneefsbd,onohzuebqzgnvhoispezneefsbdooooooooooooooooooooooooooooooooooo,0,0,15.669536,True
tzcfllafdtsapvhsacvprhlhuosevbsqcicmpphggucrogzceistz,tzcfllafdtsapvhsacvprhlhuosevbsqcicmpphggucrogzceistzttttttttt,0,0,15.056385,True
oopsztivqeczssitntgvhslhqptvvgetvmdpulibsbddbpudmgghvzvuofev,oopsztivqeczssitntgvhslhqptvvgetvmdpulibsbddbpudmgghvzvuofevoo,0,0,14.440266,True
qenzdvsgqlondcnsuacbhrcabcfiblonocchiicelofmvip,qenzdvsgqlondcnsuacbhrcabcfiblonocchiicelofmvipqqqqqqqqqqqqqqq,0,0,15.186423,True
qgirsnhqflzsggvenudohlbeduddzqepgcpnlealihnu,qgirsnhqflzsggvenudohlbeduddzqepgcpnlealihnuqqqqqqqqqqqqqqqqqq,0,0,14.670002,True
tmdggnbdqrmoelpsqqazdaehznzeezvlzbvvptprehphgohtsorv,tmdggnbdqrmoelpsqqazdaehznzeezvlzbvvptprehphgohtsorvtttttttttt,0,0,14.784642,True
clnvhtrqirprthramdnbaissqeizdgtg,clnvhtrqirprthramdnbaissqeizdgtgcccccccccccccccccccccccccccccc,0,0,15.2906685,True
vlhvtdmlacdmiieaqtbfunmgiuppcilusblasphoannlldohqtp,vlhvtdmlacdmiieaqtbfunmgiuppcilusblasphoannlldohqtpvvvvvvvvvvv,0,0,14.492053,True
fmvisbqovdqsarzilsmqeifg,fmvisbqovdqsarzilsmqeifgffffffffffffffffffffffffffffffffffffff,0,0,16.197495,True
cuhridiiapbfobqrncphndhsbqs,cuhridiiapbfobqrncphndhsbqsqccccccccccccccccccccccccccccccccccc,0,0,15.181939,True
rbmrvghdrpqmheedgcmaqempsmboiufehghmoqmqdobvnnqzlgfzmemp,rbmrvghdrpqmheedgcmaqempsmboiufehghmoqmqdobvnnqzlgfzmemprrrrrr,0,0,15.092137,True
